OBJECTID,Reporting_Year,GeoLevel,GeoName,C_SR_POP_SCHOOL_AGE_Y3T4,C_SR_POP_SCHOOL_AGE_Y5T9,C_SR_POP_SCHOOL_AGE_Y10T14,C_SR_POP_SCHOOL_AGE_Y15T17,C_SR_POP_SCHOOL_AGE_Y18T19,C_SR_POP_SCHOOL_AGE_Y20T24,C_SR_POP_SCHOOL_AGE_Y25T34,C_SR_POP_SCHOOL_AGE_YGE35,C_SR_POP_COLGS_AGE_Y18T24,C_SR_POP_COLGS_M_AGE_Y18T24,C_SR_POP_COLGS_F_AGE_Y18T24,C_EA_GT25_WA_EDUATTAIN_HSG,C_EA_GT25_WA_EDUATTAIN_BDH,C_EA_GT25_WANHL_EDUATTAIN_HSGH,C_EA_GT25_WANHL_EDUATTAIN_BDH,C_EA_GT25_BA_EDUATTAIN_HSGH,C_EA_GT25_BA_EDUATTAIN_BDH,C_EA_GT25_AIANA_EDUATTAIN_HSGH,C_EA_GT25_AIANA_EDUATTAIN_BDH,C_EA_GT25_AA_EDUATTAIN_HSGH,C_EA_GT25_AA_EDUATTAIN_BDH,C_EA_GT25_NHOPIA_EDUATTAIN_HSGH,C_EA_GT25_NHOPIA_EDUATTAIN_BDH,C_EA_GT25_OA_EDUATTAIN_HSGH,C_EA_GT25_OA_EDUATTAIN_BDH,C_EA_GT25_TOM_EDUATTAIN_HSGH,C_EA_GT25_TOM_EDUATTAIN_BDH,C_EA_GT25_HOLO_EDUATTAIN_HSGH,C_EA_GT25_HOLO_EDUATTAIN_BDH,C_EA_GT25_WA_M_EDUATTAIN_BDH,C_EA_GT25_WANHL_M_EDUATTAIN_HSGH,C_EA_GT25_WANHL_M_EDUATTAIN_BDH,C_EA_GT25_BA_M_EDUATTAIN_HSGH,C_EA_GT25_BA_M_EDUATTAIN_BDH,C_EA_GT25_AIANA_M_EDUATTAIN_HSGH,C_EA_GT25_AIANA_M_EDUATTAIN_BDH,C_EA_GT25_AA_M_EDUATTAIN_HSGH,C_EA_GT25_AA_M_EDUATTAIN_BDH,C_EA_GT25_NHOPIA_M_EDUATTAIN_HSGH,C_EA_GT25_NHOPIA_M_EDUATTAIN_BDH,C_EA_GT25_OA_M_EDUATTAIN_HSGH,C_EA_GT25_OA_M_EDUATTAIN_BDH,C_EA_GT25_TOM_M_EDUATTAIN_HSGH,C_EA_GT25_TOM_M_EDUATTAIN_BDH,C_EA_GT25_HOLO_M_EDUATTAIN_HSGH,C_EA_GT25_HOLO_M_EDUATTAIN_BDH,C_EA_GT25_WA_F_EDUATTAIN_BDH,C_EA_GT25_WANHL_F_EDUATTAIN_HSGH,C_EA_GT25_WANHL_F_EDUATTAIN_BDH,C_EA_GT25_BA_F_EDUATTAIN_HSGH,C_EA_GT25_BA_F_EDUATTAIN_BDH,C_EA_GT25_AIANA_F_EDUATTAIN_HSGH,C_EA_GT25_AIANA_F_EDUATTAIN_BDH,C_EA_GT25_AA_F_EDUATTAIN_HSGH,C_EA_GT25_AA_F_EDUATTAIN_BDH,C_EA_GT25_NHOPIA_F_EDUATTAIN_HSGH,C_EA_GT25_NHOPIA_F_EDUATTAIN_BDH,C_EA_GT25_OA_F_EDUATTAIN_HSGH,C_EA_GT25_OA_F_EDUATTAIN_BDH,C_EA_GT25_TOM_F_EDUATTAIN_HSGH,C_EA_GT25_TOM_F_EDUATTAIN_BDH,C_EA_GT25_HOLO_F_EDUATTAIN_HSGH,C_EA_GT25_HOLO_F_EDUATTAIN_BDH,C_EA_GT25_WDIS_EDUATTAIN_LHSG,C_EA_GT25_WDIS_EDUATTAIN_HSGIE,C_EA_GT25_WDIS_EDUATTAIN_SCAG,C_EA_GT25_WDIS_EDUATTAIN_BDH,C_EA_GT25_WODIS_EDUATTAIN_LHSG,C_EA_GT25_WODIS_EDUATTAIN_HSGIE,C_EA_GT25_WODIS_EDUATTAIN_SCAG,C_EA_GT25_WODIS_EDUATTAIN_BDH,C_EA_GT25_WA_M_EDUATTAIN_HSG,C_EA_GT25_WA_F_EDUATTAIN_HSG
1,2015,States,Alaska,35,89,97,94,64,27,13,3,26,23,31,95,35,95,36,95,19,81,7,81,24,85,2,78,15,93,19,88,18,33,95,34,95,12,81,5,81,18,74,3,79,19,93,19,87,18,38,95,39,94,30,81,8,81,29,94,2,78,11,93,19,89,18,16,30,35,17,5,26,35,32,95.6,95.7
2,2016,States,Alaska,35,93,97,96,54,23,12,3,21,19,25,95,35,96,36,93,12,84,7,86,26,90,8,79,10,93,24,82,13,31,95,32,93,7,84,6,88,22,94,4,92,6,89,18,83,7,40,96,41,92,18,83,7,85,29,86,12,67,13,97,30,80,19,16,31,35,17,5,27,35,32,95,96.5
3,2017,States,Alaska,36,92,98,97,59,29,9,3,27,24,31,95,34,95,34,91,18,80,8,79,25,85,12,82,10,91,22,88,22,30,95,31,91,14,81,6,81,19,77,3,75,5,89,17,86,13,38,95,38,91,23,79,9,78,31,91,19,91,18,94,28,91,30,15,32,35,17,6,26,35,31,95.2,95.4
4,2018,States,Alaska,41,94,98,97,55,20,14,3,22,18,26,95,36,95,36,95,24,84,7,89,24,94,13,79,15,94,23,88,25,33,94,33,95,17,82,4,89,22,99,7,81,15,94,20,89,22,39,96,39,95,34,86,10,90,26,87,22,76,17,93,27,87,28,12,32,35,19,5,27,34,32,94.9,95.9
5,2019,States,Alaska,44,93,97,96,53,26,11,3,25,23,28,95,35,96,36,89,22,83,9,93,28,,,84,17,96,29,86,19,32,96,33,84,15,85,7,94,20,,,89,15,95,17,84,14,39,97,40,96,32,82,10,92,34,,,80,18,97,40,87,25,11,33,36,18,5,28,33,32,95.4,96.6
6,2015,National,United States,47,95,98,96,75,41,12,2,42,38,46,89,31,92,34,84,20,79,14,86,52,87,15,60,11,87,30,66,14,31,91,34,83,17,77,12,88,54,87,15,59,9,86,28,64,13,31,92,34,86,22,80,15,84,50,87,15,62,12,88,31,67,16,22,34,27,16,10,26,29,33,88.4,89.7
7,2016,National,United States,48,95,98,96,75,41,12,2,42,38,47,89,32,92,35,85,20,79,14,86,53,85,17,61,11,87,30,67,15,32,91,35,83,18,77,13,88,55,86,17,60,9,87,28,65,13,32,93,34,86,23,81,15,85,51,85,17,62,12,88,32,68,16,21,33,27,16,10,25,29,34,88.7,90.1
8,2017,National,United States,48,95,98,96,75,41,11,2,42,38,46,89,33,92,35,85,21,80,14,86,53,87,17,62,11,88,31,68,16,33,92,35,84,18,78,12,89,56,88,16,61,10,88,29,67,14,33,93,35,87,23,81,16,85,51,87,18,63,13,89,33,70,17,20,33,28,17,10,25,29,35,89.3,90.6
9,2018,National,United States,48,95,98,96,74,41,11,2,42,38,46,90,33,93,36,86,22,80,15,87,55,87,18,63,12,88,32,69,17,33,92,36,85,19,79,13,89,57,86,17,62,10,87,30,68,15,34,93,36,87,24,82,17,86,53,88,19,65,13,89,34,70,18,20,33,28,17,9,25,29,35,89.5,90.8
10,2019,National,United States,48,95,98,96,74,40,11,2,42,37,46,90,34,93,36,87,22,81,16,87,55,86,18,64,13,89,33,70,17,33,92,36,85,19,80,14,89,57,86,17,63,11,88,31,69,16,35,93,37,88,25,82,17,86,53,86,19,65,14,89,35,71,19,19,33,28,18,9,25,28,36,89.7,91
11,2019,States,Illinois,56,95,98,97,76,41,10,2,43,39,46,91,37,94,39,86,22,74,23,90,65,93,34,68,13,90,39,71,16,36,94,39,84,20,73,24,92,67,87,34,67,11,88,35,70,15,37,94,40,88,24,75,23,88,63,100,33,68,15,92,42,71,18,18,34,28,17,8,24,28,39,91.3,92.4
12,2018,States,Illinois,55,95,97,97,77,42,11,2,43,40,46,91,36,94,39,86,21,78,19,90,65,89,52,63,10,89,38,69,14,36,94,39,84,18,77,13,92,67,94,50,62,8,88,37,68,13,37,94,39,88,24,79,25,88,63,85,53,65,12,91,38,71,16,18,34,29,18,8,24,28,38,91,92.3
13,2017,States,Illinois,53,96,98,96,77,41,11,2,42,38,46,91,36,94,38,86,21,73,21,90,65,95,27,59,9,88,35,66,14,35,94,38,85,17,70,20,93,67,95,22,58,9,87,34,64,12,36,94,38,87,23,76,22,89,63,95,31,59,10,89,37,67,16,18,34,28,17,9,24,28,37,90.9,92.2
14,2016,States,Illinois,57,96,98,97,76,43,11,2,44,40,48,91,35,93,37,86,21,76,19,90,65,79,27,59,9,90,37,66,14,35,93,37,83,18,73,21,92,67,81,23,58,7,88,35,65,11,36,94,37,88,24,80,16,89,62,76,37,60,11,90,39,68,17,20,33,28,17,9,24,29,37,90.6,92
15,2015,States,Illinois,55,95,98,97,77,42,12,2,43,39,47,90,34,93,37,86,20,75,16,90,62,80,16,58,9,91,38,64,13,34,93,37,83,16,75,12,93,65,81,12,57,8,91,36,63,11,34,94,36,87,22,76,19,88,60,79,19,59,11,91,40,65,15,20,34,28,16,9,25,29,36,90.4,91.4
16,2019,States,Georgia,51,95,98,95,71,37,11,2,38,33,44,89,35,91,36,87,24,67,13,86,57,85,31,57,14,87,36,64,19,34,90,36,86,20,69,15,88,59,70,16,55,12,85,31,61,16,36,92,36,88,28,64,11,85,55,100,47,60,15,88,41,67,21,20,34,28,17,10,25,27,36,88.1,90.5
17,2018,States,Georgia,49,96,98,96,71,40,11,2,39,33,45,88,34,90,35,87,24,75,18,87,56,81,8,57,14,89,38,62,17,34,90,36,85,19,77,16,89,60,76,0,55,12,88,36,61,15,34,91,35,89,27,73,20,85,53,88,20,59,16,91,39,64,20,21,34,27,17,10,26,28,35,87.9,89.7
18,2017,States,Georgia,49,96,98,96,72,38,10,2,38,33,44,88,33,90,35,86,23,70,22,86,53,79,13,54,13,88,35,60,16,33,90,35,84,19,66,17,88,56,82,17,52,11,88,32,57,15,33,91,34,87,26,73,27,85,51,74,6,57,15,88,38,64,18,22,34,27,16,10,26,28,34,87.6,89.6
19,2016,States,Georgia,48,96,98,96,72,39,11,2,38,34,43,87,32,89,33,86,23,66,14,86,57,85,20,54,10,88,33,59,16,32,89,33,84,19,61,15,88,62,86,18,50,8,84,28,55,14,33,90,33,87,26,71,14,85,53,84,21,58,13,91,37,64,19,23,34,26,15,11,26,28,34,86.8,88.8
20,2015,States,Georgia,50,96,98,95,70,39,12,3,38,33,43,87,32,89,33,85,22,69,22,86,52,,,57,11,89,35,61,16,32,88,34,82,18,63,20,89,56,,,55,11,90,32,59,15,32,90,33,86,26,78,24,84,48,,,59,12,88,37,63,17,23,34,26,15,11,26,28,33,86.8,88.5
21,2019,States,Idaho,32,92,98,96,67,35,11,2,36,34,37,92,29,94,30,92,13,82,19,86,48,,,60,7,90,38,68,12,29,93,30,93,12,73,11,90,48,,,58,5,93,40,66,11,29,94,30,89,16,90,27,82,47,,,62,9,87,37,71,14,13,32,37,17,7,24,36,31,92.2,93.4
22,2018,States,Idaho,35,91,96,95,65,36,11,2,35,30,40,92,28,94,29,92,27,81,12,88,39,,,57,5,90,26,63,9,27,93,29,96,36,75,7,85,50,,,58,5,88,22,62,9,29,94,30,84,6,86,16,90,30,,,55,5,92,29,65,10,15,33,34,17,7,26,35,30,91.4,93
23,2017,States,Idaho,39,92,98,97,63,37,12,2,35,32,38,91,27,93,28,90,24,89,9,88,46,,,57,6,91,28,65,9,27,92,29,96,26,87,10,92,52,,,61,6,89,22,64,9,26,94,27,80,21,90,8,86,41,,,53,6,94,34,67,10,15,33,35,15,7,26,36,29,90.8,93
24,2016,States,Idaho,33,94,97,97,69,39,13,2,39,33,45,91,28,93,29,98,30,84,15,89,42,,,53,4,87,29,64,9,29,92,30,97,24,80,14,91,43,,,58,5,79,29,65,9,27,93,28,100,50,88,16,87,41,,,48,3,94,29,62,8,15,34,33,16,8,26,35,30,91.2,92.1
25,2015,States,Idaho,30,92,96,96,69,38,13,2,37,35,39,91,26,93,27,88,33,83,9,89,45,,,50,5,86,21,61,8,27,93,29,86,36,77,3,97,50,,,49,4,84,21,57,7,25,93,26,91,28,90,16,85,42,,,51,6,89,22,64,9,16,33,33,16,8,26,37,28,90.4,91.6
26,2019,States,Hawaii,55,93,97,95,62,32,12,2,34,28,41,96,44,97,46,98,31,70,28,89,35,89,12,86,24,95,26,91,23,43,97,44,97,24,66,9,90,32,90,10,85,21,95,22,91,21,46,97,48,99,41,72,42,88,37,87,14,88,28,94,31,91,24,16,34,28,20,6,26,31,36,97.1,96.7
27,2018,States,Hawaii,48,94,98,94,62,34,12,2,36,28,44,97,44,97,45,97,32,95,45,88,34,86,13,79,41,94,25,91,28,43,97,44,96,27,92,35,90,33,86,11,77,30,93,21,89,23,45,97,46,100,40,100,58,87,34,87,14,82,55,95,29,92,32,14,33,29,22,7,25,32,35,97.3,97.1
28,2017,States,Hawaii,45,93,97,95,59,34,13,2,35,30,40,96,44,97,46,94,34,77,28,89,33,87,14,88,26,94,23,90,20,43,97,45,96,28,75,36,90,32,87,12,82,21,94,21,90,18,45,96,48,92,44,80,16,89,35,87,16,95,32,93,25,90,22,14,36,26,22,6,26,31,34,97.2,96.3
29,2016,States,Hawaii,46,92,97,95,63,34,13,3,35,29,42,96,42,96,44,95,24,95,31,89,34,87,12,83,14,94,22,91,16,41,96,43,97,21,92,28,90,32,87,11,83,10,93,19,90,13,43,97,46,91,31,98,35,88,35,87,13,84,19,94,24,91,20,18,36,26,19,6,26,32,34,95.9,97.1
30,2015,States,Hawaii,45,93,97,95,62,34,14,2,36,30,44,95,43,95,44,94,27,94,23,86,31,89,13,89,36,93,22,89,21,41,96,42,92,26,93,10,87,30,89,12,90,42,92,19,86,20,45,95,47,100,30,95,38,86,31,90,13,88,28,94,24,92,22,19,32,27,20,7,26,33,33,95.6,95.4
31,2019,States,Indiana,39,93,98,95,73,38,9,2,39,35,43,90,27,91,27,87,19,81,11,84,59,,,61,9,88,26,69,15,26,90,26,86,17,81,14,85,64,,,61,9,86,24,68,15,28,91,28,88,21,80,8,83,54,,,62,8,90,28,71,15,18,41,26,14,8,31,29,30,90,91.2
32,2018,States,Indiana,40,94,98,95,75,39,9,1,40,36,44,90,27,90,28,85,18,89,24,83,59,69,19,63,9,85,28,68,14,26,90,27,84,16,89,20,86,65,69,25,61,6,85,28,65,12,28,91,28,86,20,89,28,80,54,70,10,66,12,86,27,72,17,20,40,26,13,8,31,29,30,89.3,90.9
33,2017,States,Indiana,41,93,98,95,73,40,10,1,40,38,44,89,27,90,27,85,19,78,12,83,57,,,64,11,88,27,64,14,26,89,27,84,16,76,12,85,63,,,63,9,88,24,61,13,27,91,28,85,21,81,11,81,51,,,65,13,88,29,66,16,20,40,25,13,9,30,30,30,88.7,90.3
34,2016,States,Indiana,42,94,98,96,76,40,10,2,40,38,43,89,26,90,26,85,15,82,17,82,53,,,60,10,86,22,66,13,25,89,26,84,14,76,17,84,59,,,60,10,85,20,65,13,26,90,27,86,16,89,17,80,48,,,60,10,87,24,67,13,20,40,25,12,9,31,29,28,88.7,90
35,2015,States,Indiana,39,93,97,95,76,41,10,2,41,37,45,89,25,90,25,85,16,85,18,86,60,96,43,61,9,85,27,62,11,24,89,25,83,15,85,16,89,67,100,37,58,9,87,23,61,11,25,90,26,87,18,85,19,83,53,92,49,63,10,83,30,64,12,21,41,25,11,9,32,30,28,88.7,89.5
36,2019,States,Iowa,46,96,97,96,75,41,10,1,44,38,49,93,29,94,30,83,14,82,8,79,51,,,64,14,92,29,67,13,27,94,28,84,19,74,5,79,52,,,60,9,92,28,66,13,31,95,31,80,9,90,11,79,49,,,68,19,92,29,69,14,13,40,30,16,6,29,32,32,93,94.2
37,2018,States,Iowa,44,96,98,96,77,41,9,1,44,41,47,93,29,94,29,85,17,84,16,76,44,,,60,14,89,31,64,14,27,93,28,86,15,80,12,79,50,,,58,13,88,32,62,14,30,94,31,85,18,87,18,73,39,,,63,16,91,30,65,15,14,40,29,15,6,28,33,31,92.6,93.8
38,2017,States,Iowa,46,97,98,96,79,42,10,2,45,41,49,93,29,94,29,85,19,86,12,78,42,67,10,52,10,89,24,62,13,28,93,28,84,18,86,19,81,40,55,7,47,8,88,20,61,11,30,94,30,86,21,87,6,76,43,79,13,57,11,90,27,64,15,15,39,30,15,6,28,33,31,92.6,93.7
39,2016,States,Iowa,48,96,98,97,80,42,11,2,45,40,50,92,28,93,28,82,19,82,25,82,52,74,12,52,11,89,32,60,12,27,92,27,83,20,83,21,85,55,76,9,48,11,85,33,57,11,29,94,29,81,18,82,29,79,49,72,14,57,12,92,32,64,13,16,39,29,15,6,29,33,31,91.9,93.6
40,2015,States,Iowa,47,96,98,97,78,42,10,2,46,42,51,92,27,93,27,83,14,78,13,83,44,,,52,7,86,21,57,10,26,93,26,84,12,68,12,85,52,,,46,7,87,20,53,8,28,94,28,82,15,85,13,82,38,,,60,8,85,21,62,13,15,41,28,14,6,30,33,29,92,93.4
41,2019,States,Kansas,47,95,98,96,73,39,10,2,41,37,45,93,35,95,36,87,20,86,14,85,49,,,61,10,91,27,68,14,33,94,35,86,20,84,18,88,54,,,62,9,90,27,66,11,36,95,38,88,21,89,11,82,45,,,59,10,91,28,70,17,12,35,32,19,7,24,31,37,92.6,93.8
42,2018,States,Kansas,47,95,98,96,73,40,11,2,42,41,43,92,34,94,36,87,18,81,17,85,54,,,54,11,91,29,63,13,33,94,35,87,17,79,14,86,60,,,52,9,90,27,61,12,36,95,37,88,20,83,20,84,49,,,56,13,92,31,65,14,14,34,32,18,7,23,31,37,91.6,93.2
43,2017,States,Kansas,49,94,98,97,75,40,12,2,42,38,46,92,34,94,36,86,20,88,20,86,50,,,57,10,89,26,66,13,34,93,35,84,17,90,17,87,53,,,56,9,88,26,64,13,35,94,37,89,22,87,23,85,47,,,58,11,90,25,68,13,14,36,31,18,7,23,31,37,91.7,92.9
44,2016,States,Kansas,45,95,98,96,74,40,12,2,42,39,44,91,33,93,35,88,20,83,17,84,50,,,60,11,88,30,63,13,33,93,35,86,19,83,15,86,57,,,58,9,85,23,63,12,34,94,35,90,21,83,20,82,45,,,62,12,91,35,63,15,15,35,31,17,8,23,31,36,91.1,92.2
45,2015,States,Kansas,44,95,98,96,75,40,11,2,42,38,45,91,32,93,34,86,19,78,19,84,45,,,55,8,88,25,62,12,32,93,33,85,19,80,17,85,48,,,51,8,88,23,60,12,33,94,34,87,18,76,20,83,43,,,60,9,88,28,65,13,15,35,31,17,8,24,32,35,91,92.3
46,2019,States,Kentucky,37,92,98,95,67,34,9,1,37,31,42,87,25,87,25,88,19,76,17,86,57,,,56,11,86,26,70,19,23,86,23,87,17,66,23,86,65,,,51,7,86,23,67,17,26,88,26,88,20,85,10,85,50,,,61,15,86,29,73,22,24,38,26,11,9,31,29,29,86.1,88.6
47,2018,States,Kentucky,43,94,98,96,71,36,9,1,38,33,43,87,25,87,25,86,17,78,13,82,51,79,24,52,11,85,24,68,20,24,86,24,85,15,77,12,86,55,76,0,48,10,84,26,66,19,26,88,26,87,18,80,15,79,48,81,38,58,12,85,23,70,20,24,38,25,11,9,30,30,29,86.1,88.3
48,2017,States,Kentucky,39,93,97,96,69,35,10,1,37,31,44,86,24,86,24,88,19,83,14,84,48,,,64,18,87,27,73,21,23,85,23,87,16,87,8,88,53,,,64,15,85,25,71,18,25,87,25,89,21,81,19,81,44,,,63,23,90,29,75,24,25,38,25,11,9,31,30,28,84.9,87.7
49,2016,States,Kentucky,45,96,98,96,72,36,11,2,38,32,45,85,23,86,23,85,14,83,11,85,51,,,54,13,88,24,67,20,23,85,23,83,13,79,14,86,56,,,49,10,87,26,62,17,24,87,24,86,15,85,8,85,48,,,61,18,89,23,73,24,26,37,25,10,10,30,31,27,84.9,86.9
50,2015,States,Kentucky,39,94,98,96,71,35,10,2,37,31,44,85,23,85,23,84,16,70,14,82,52,,,52,11,89,26,68,17,22,84,22,82,14,74,15,87,57,,,48,10,89,23,63,15,24,86,24,85,18,67,12,79,48,,,57,14,88,28,74,20,28,37,23,11,10,32,29,27,84.2,86.6
51,2019,States,Louisiana,50,96,98,96,70,36,10,2,36,30,43,88,28,88,28,82,17,78,16,83,45,,,68,13,87,26,73,17,26,87,27,78,12,77,17,85,46,,,69,13,85,25,72,16,29,90,30,84,20,79,16,81,44,,,68,13,88,27,75,18,23,35,25,14,11,33,27,28,86.8,89.5
52,2018,States,Louisiana,51,95,98,96,68,36,10,2,36,31,42,88,28,89,28,81,15,62,11,84,41,,,61,10,89,29,72,18,26,88,27,77,11,59,13,86,44,,,59,6,89,24,72,16,29,90,29,84,18,66,9,82,39,,,64,15,89,34,73,21,24,37,24,13,10,33,28,27,87.7,89.6
53,2017,States,Louisiana,52,95,97,96,70,38,9,2,37,31,44,88,27,89,28,79,14,71,11,78,42,,,62,12,88,27,69,15,26,87,26,76,10,72,7,83,45,,,57,10,86,24,66,14,29,90,29,81,17,71,15,73,40,,,67,14,91,29,72,17,25,37,23,13,11,33,28,26,87.1,89.9
54,2016,States,Louisiana,52,97,97,94,70,37,10,2,37,29,44,87,27,88,27,78,14,71,8,80,43,,,62,8,86,23,72,16,26,86,27,73,10,66,9,82,47,,,60,7,82,24,68,14,27,89,28,82,18,75,8,79,39,,,64,10,88,22,76,18,27,36,23,12,11,33,28,26,86.2,89.2
55,2015,States,Louisiana,50,96,97,95,69,37,9,2,36,31,42,87,26,88,27,78,15,65,12,74,35,,,72,13,82,24,73,17,25,86,26,75,11,60,10,79,43,,,73,9,80,19,70,15,27,90,28,81,18,69,13,69,29,,,71,18,84,28,77,20,27,36,23,12,11,33,28,26,86,89.6
56,2019,States,Maine,45,94,98,96,73,38,10,1,40,37,44,93,33,93,33,87,38,94,24,81,45,,,85,28,88,31,89,37,30,92,30,86,36,92,25,83,48,,,79,19,88,20,85,29,35,94,35,88,39,96,23,80,44,,,92,38,88,40,94,45,15,38,27,19,4,29,29,36,92.6,94.3
57,2018,States,Maine,46,94,97,95,74,36,9,2,39,33,45,93,31,93,31,82,17,90,17,82,39,,,,,92,25,91,36,29,92,29,85,18,89,10,84,55,,,,,92,24,94,23,34,94,33,75,15,92,24,81,31,,,,,93,26,87,48,14,38,29,17,4,29,30,35,92.4,94.1
58,2017,States,Maine,45,96,98,97,77,41,11,2,43,37,50,92,32,92,32,81,23,77,14,83,45,,,,,90,26,87,31,29,90,29,80,21,71,16,86,47,,,,,91,24,83,34,35,94,35,82,28,83,13,82,43,,,,,89,28,91,28,17,38,27,17,5,29,30,35,90.8,94.3
59,2016,States,Maine,47,95,98,96,80,42,10,2,45,40,50,92,30,92,30,79,19,88,8,87,42,,,95,38,88,21,88,27,27,91,27,87,12,88,5,84,42,,,98,39,81,17,88,27,32,94,32,65,32,87,12,88,41,,,94,38,93,24,89,27,15,41,26,15,5,30,29,33,91.2,93.9
60,2015,States,Maine,35,94,98,97,76,41,10,2,42,38,45,92,30,92,30,83,26,84,17,82,42,,,,,82,23,92,43,28,90,28,88,26,77,15,79,45,,,,,84,20,93,46,31,93,31,75,27,88,19,84,40,,,,,81,26,91,41,17,40,24,16,5,30,30,33,90.8,93.3
61,2019,States,Maryland,48,95,98,96,77,42,12,3,43,39,48,92,45,94,46,90,30,79,26,89,63,,,56,12,93,44,67,22,45,93,46,90,28,85,19,90,64,,,53,10,92,40,63,19,46,94,46,90,33,74,31,88,62,,,60,15,94,47,70,24,18,32,24,24,8,23,24,44,91.9,93.7
62,2018,States,Maryland,47,96,97,97,77,43,14,3,44,40,48,93,45,94,46,90,30,86,30,89,64,73,19,59,14,90,43,68,22,45,93,46,89,27,81,28,91,66,75,33,55,11,89,41,66,21,45,94,46,91,33,94,34,88,61,71,3,63,17,92,45,70,24,18,32,25,23,7,22,25,44,92.4,93.5
63,2017,States,Maryland,50,95,97,97,75,42,13,3,44,38,49,92,44,93,44,89,29,72,15,90,61,,,53,12,91,44,64,21,43,93,44,88,25,67,12,92,65,,,50,10,90,42,62,18,44,94,45,91,32,77,18,88,59,,,56,15,92,46,67,24,19,33,25,22,8,22,25,42,92,92.9
64,2016,States,Maryland,47,95,98,97,77,44,13,3,45,42,48,92,43,93,44,90,29,79,26,90,62,,,54,12,91,42,64,20,43,93,44,89,27,73,14,92,66,,,47,10,89,39,59,18,43,93,44,91,31,84,36,89,59,,,61,15,92,45,70,23,18,34,25,21,8,23,25,42,91.3,92.7
65,2015,States,Maryland,51,95,98,96,77,45,14,3,46,42,50,91,42,93,43,89,28,69,22,90,63,93,31,51,12,91,43,62,21,43,92,44,88,25,62,18,93,66,86,35,48,11,90,40,59,19,42,93,43,90,30,76,25,89,61,98,28,54,13,92,45,65,23,19,32,25,22,8,23,25,41,91.1,92.3
66,2019,States,Massachusetts,60,95,98,97,85,50,13,2,52,48,57,93,46,94,48,85,28,73,20,86,63,,,71,17,83,40,73,20,45,94,47,86,27,75,23,87,65,,,69,16,82,37,72,19,47,95,49,84,28,70,17,85,61,,,73,17,84,43,74,22,18,33,25,22,6,22,22,49,93,93.8
67,2018,States,Massachusetts,61,95,98,98,83,52,13,2,53,49,57,92,46,94,47,86,29,89,17,86,63,92,35,69,14,81,38,70,21,45,93,46,86,28,93,10,88,66,96,33,68,12,82,36,69,18,46,94,48,86,30,86,24,85,61,86,38,70,17,80,40,71,23,20,31,25,21,7,21,22,48,92.3,93.2
68,2017,States,Massachusetts,58,95,98,97,85,52,13,2,53,48,57,92,44,94,46,85,25,79,28,85,61,,,70,13,82,35,72,18,44,93,46,84,23,84,27,88,64,,,69,10,81,36,71,16,45,94,47,85,27,75,29,83,58,,,72,16,83,34,73,19,20,33,24,21,7,22,22,47,92.4,92.9
69,2016,States,Massachusetts,59,96,98,98,86,51,13,2,52,48,56,92,44,93,46,85,25,81,22,85,59,,,68,12,78,31,69,18,43,93,45,85,24,78,14,86,61,,,68,11,78,27,67,16,45,94,46,84,25,85,31,83,57,,,69,13,79,34,71,19,20,33,24,21,7,22,23,46,91.7,93.3
70,2015,States,Massachusetts,59,95,98,97,84,50,13,2,52,48,56,92,43,93,44,84,22,84,31,84,57,,,64,13,81,32,68,17,43,93,44,84,21,78,28,87,61,,,63,14,79,30,66,16,43,94,44,83,24,90,33,82,55,,,64,12,83,34,71,18,22,34,22,20,7,23,23,45,91.8,93.1
71,2019,States,Michigan,47,95,98,97,75,42,11,1,43,39,48,92,30,92,31,87,18,87,11,89,64,,,68,16,90,30,75,21,30,92,30,86,14,87,11,92,70,,,67,19,90,27,74,20,31,93,31,88,20,88,12,87,59,,,68,13,89,32,76,22,16,36,31,15,6,27,32,33,91.7,92.8
72,2018,States,Michigan,45,96,98,96,73,42,11,1,43,39,47,92,30,92,30,87,17,84,13,90,66,82,27,67,18,88,27,73,19,30,92,30,85,14,84,11,92,70,74,20,63,19,87,26,70,19,30,93,31,88,20,84,15,87,62,88,32,71,17,88,27,75,20,17,36,31,14,6,26,33,33,91.4,92.9
73,2017,States,Michigan,48,96,98,97,77,43,11,2,44,40,48,92,30,92,30,86,17,86,17,89,62,85,42,63,14,89,29,72,17,29,92,30,84,13,86,14,90,68,87,53,60,14,87,28,70,14,30,93,30,87,20,86,20,87,56,82,28,65,15,90,30,74,19,17,36,31,14,6,26,33,32,91.5,92.7
74,2016,States,Michigan,48,96,98,96,76,43,12,2,44,41,48,91,29,92,29,85,17,83,11,88,63,72,11,63,14,87,25,71,17,29,91,29,83,13,81,11,90,67,95,12,57,12,88,24,69,16,29,92,29,87,20,85,10,86,59,61,11,69,16,86,26,74,18,19,36,30,13,7,27,33,31,91.1,92.4
75,2015,States,Michigan,46,96,98,96,75,42,13,2,43,39,48,91,28,91,28,84,17,85,13,90,63,,,63,13,86,22,71,16,28,91,29,82,14,85,12,92,70,,,66,15,84,19,69,15,28,92,28,86,19,86,15,88,56,,,60,11,87,25,72,18,19,36,30,13,7,27,33,31,90.8,92
76,2019,States,Minnesota,47,95,98,97,78,40,10,2,41,35,47,95,38,96,38,82,21,83,14,81,46,,,66,16,94,31,75,22,36,95,36,85,22,81,15,84,47,,,65,14,92,33,74,21,40,96,40,78,21,85,14,79,44,,,66,19,95,29,75,23,13,35,30,20,5,22,32,40,94.9,96.2
77,2018,States,Minnesota,50,95,98,97,79,41,10,2,42,38,47,95,37,96,38,81,22,83,11,82,45,58,24,60,12,91,35,68,18,36,95,36,83,22,82,8,85,46,58,24,60,11,90,34,65,17,39,96,39,78,22,84,13,80,45,58,23,60,14,92,35,72,19,13,35,30,20,5,21,33,39,94.4,96.3
78,2017,States,Minnesota,47,95,98,97,78,42,11,2,42,38,46,95,37,95,37,81,22,81,13,80,44,,,53,11,90,31,66,16,36,95,36,85,26,81,13,82,46,,,53,11,89,30,64,15,38,96,38,77,17,82,13,79,42,,,54,12,91,32,68,18,15,35,30,18,5,22,32,39,94.6,96
79,2016,States,Minnesota,46,95,98,97,80,42,10,2,42,38,46,95,36,95,36,81,20,84,14,78,41,,,54,11,91,32,62,15,34,95,35,85,22,86,10,82,42,,,54,10,91,30,59,13,37,96,37,77,18,83,17,74,40,,,55,12,91,34,65,17,14,36,30,18,5,23,33,37,94.3,95.8
80,2015,States,Minnesota,44,94,98,97,80,40,11,2,40,36,44,94,35,95,36,80,19,83,13,79,43,92,43,54,12,89,32,64,17,34,94,34,82,20,82,10,81,46,93,47,51,13,84,27,60,16,36,95,37,78,17,84,15,77,41,91,39,58,12,94,36,68,18,15,36,30,17,5,23,33,37,94.1,95.3
81,2019,States,Connecticut,65,97,97,98,82,46,13,2,49,43,55,92,42,94,44,86,21,90,24,90,65,,,69,14,83,31,73,17,41,94,44,83,19,92,15,92,66,,,67,13,82,30,72,16,43,95,45,88,23,87,33,89,64,,,70,15,84,31,75,19,19,34,23,22,7,25,24,43,92.3,93.4
82,2018,States,Connecticut,67,97,98,97,80,47,11,2,49,43,55,93,42,94,44,87,22,69,16,90,67,,,66,12,87,33,73,17,41,94,43,86,19,74,17,92,70,,,64,11,84,29,71,16,42,95,45,87,25,61,14,88,64,,,69,13,89,36,76,18,18,37,24,19,7,24,24,43,92.4,93.7
83,2017,States,Connecticut,65,96,97,98,80,48,12,2,49,44,55,92,41,94,43,86,19,84,25,88,64,,,66,10,86,27,71,16,40,93,43,83,16,85,26,90,68,,,64,9,87,24,69,13,42,95,44,89,22,82,23,87,59,,,68,11,86,29,73,18,19,35,23,21,7,25,24,41,91.8,93.1
84,2016,States,Connecticut,65,97,98,97,79,48,13,2,49,44,55,92,41,94,43,86,19,82,17,90,65,,,65,12,88,31,72,17,40,94,43,84,18,77,8,93,70,,,62,10,88,30,71,15,41,94,43,87,20,87,25,88,61,,,68,14,89,32,73,19,20,34,23,21,7,25,24,42,92.4,92.4
85,2015,States,Connecticut,64,97,98,97,79,45,13,2,47,42,53,92,40,94,42,86,22,69,12,90,62,,,63,10,87,29,70,16,40,93,43,86,21,64,13,90,66,,,61,10,84,24,68,13,41,94,42,86,22,75,11,89,59,,,65,10,89,34,73,18,21,36,22,19,7,25,24,41,91.7,92.7
86,2019,States,Florida,53,95,97,97,73,41,12,2,41,35,47,89,32,93,34,84,19,81,23,87,50,80,33,75,19,87,31,79,25,32,92,35,83,16,77,23,90,54,74,21,73,18,86,28,78,23,32,93,33,85,21,85,24,85,47,85,42,76,20,87,33,80,27,18,33,27,20,9,27,29,33,89,90.5
87,2018,States,Florida,52,96,98,96,73,42,12,2,41,37,45,89,32,93,33,83,20,80,21,87,49,80,12,76,19,88,32,80,25,32,92,34,82,16,74,23,90,51,81,9,74,16,87,29,79,24,31,93,33,84,23,85,19,85,47,80,13,78,21,89,35,81,26,19,33,28,19,9,27,29,33,89.2,90.5
88,2017,States,Florida,51,95,98,96,74,43,13,2,42,38,47,89,31,92,33,83,18,80,20,86,50,90,26,77,19,86,32,80,24,31,92,34,82,16,81,20,89,55,95,26,74,16,85,30,79,22,30,93,32,84,21,78,20,84,47,84,27,80,21,87,34,81,25,19,33,28,18,9,27,30,32,89.1,90.3
89,2016,States,Florida,50,95,98,96,74,42,13,2,41,37,46,89,30,92,32,81,18,76,17,86,50,81,24,74,18,85,28,78,22,30,91,33,79,15,73,15,87,52,79,21,73,17,82,27,76,21,29,92,30,83,20,80,19,85,48,83,26,76,20,87,28,79,24,20,34,27,18,10,27,30,31,88.2,89.7
90,2015,States,Florida,51,95,97,95,76,43,13,2,41,37,46,89,29,92,31,81,18,83,22,87,48,94,21,75,20,87,30,77,22,30,91,33,80,15,78,20,88,52,91,26,73,18,84,30,76,21,28,93,30,82,20,87,23,86,45,96,17,77,21,89,30,78,24,20,34,27,18,10,28,30,30,88.3,89.8
91,2019,States,Alabama,43,93,98,96,74,39,9,2,41,35,47,88,28,89,28,85,19,78,18,87,55,,,51,10,86,32,61,16,28,88,28,83,15,72,10,87,57,,,47,10,90,35,57,16,28,89,28,86,21,85,26,87,54,,,56,11,82,30,65,16,22,34,27,15,10,29,30,29,87.5,89.4
92,2018,States,Alabama,44,94,98,96,73,39,10,2,40,35,45,88,28,88,28,83,17,80,22,85,52,,,57,12,83,25,68,20,28,87,28,81,13,72,18,86,57,,,55,10,82,25,65,18,28,89,28,85,20,89,26,84,48,,,59,15,83,25,70,21,24,35,26,14,10,29,31,29,87.3,89.1
93,2017,States,Alabama,42,95,98,97,72,39,11,2,40,33,47,88,28,88,28,83,16,77,14,87,47,,,56,9,86,27,64,17,28,88,29,80,12,73,10,89,54,,,56,5,84,28,63,12,28,89,28,85,20,82,19,85,42,,,56,14,87,26,66,22,23,36,26,14,10,29,31,29,87.5,88.8
94,2016,States,Alabama,43,94,98,97,71,41,10,1,41,38,44,86,26,87,27,82,17,80,18,85,48,,,49,11,85,29,58,13,27,86,28,78,13,81,19,87,53,,,46,9,87,27,56,12,26,88,26,84,21,78,18,84,44,,,54,14,84,31,60,14,26,35,25,13,11,29,31,28,85.7,87.7
95,2015,States,Alabama,44,94,97,96,74,39,10,2,40,36,44,86,26,87,27,81,16,79,19,86,51,49,13,45,8,83,23,57,12,26,86,27,78,13,75,17,88,61,52,13,36,6,81,21,53,10,26,87,26,83,18,82,20,83,42,46,12,58,10,84,26,62,16,25,35,26,13,11,29,30,27,86,87.1
96,2019,States,Arizona,40,93,97,96,70,35,12,2,36,32,40,88,31,94,36,89,27,79,11,88,59,87,10,70,11,88,29,71,13,31,94,36,88,23,78,9,92,65,91,6,69,10,87,26,70,12,31,95,36,91,31,80,13,85,54,83,14,70,11,89,32,71,14,17,28,35,19,11,22,33,32,88.2,89.4
97,2018,States,Arizona,37,94,98,95,70,36,11,2,38,34,41,89,30,94,36,88,25,78,10,88,56,86,25,67,10,86,29,71,13,31,94,36,90,24,76,7,90,62,78,22,67,8,85,27,70,12,30,94,35,87,25,79,12,86,52,94,29,68,13,88,31,71,14,17,29,34,18,11,22,33,32,88.7,89.3
98,2017,States,Arizona,39,94,97,95,71,37,12,2,37,34,41,88,30,94,35,90,24,76,9,88,56,86,18,65,10,87,27,69,13,31,93,36,90,23,74,7,91,63,84,21,63,9,87,27,67,11,30,95,35,90,25,79,11,86,51,88,14,68,12,87,28,70,14,17,28,34,19,11,23,33,31,88,89.6
99,2016,States,Arizona,39,94,98,95,70,38,12,2,38,34,43,89,30,93,35,89,23,78,10,86,54,85,21,59,8,88,26,68,12,31,93,36,88,23,76,8,91,58,81,21,56,7,87,25,66,11,30,94,34,90,23,79,12,83,51,88,20,62,9,88,27,70,13,18,28,34,18,11,22,33,31,88.9,89.8
100,2015,States,Arizona,37,94,97,95,71,36,12,2,38,35,41,88,29,93,33,88,22,76,9,87,54,88,20,60,8,88,28,66,11,29,93,35,87,22,77,9,88,59,83,9,59,7,86,24,65,10,28,94,32,89,23,75,10,87,50,94,32,62,9,89,31,67,12,19,29,33,17,12,23,33,30,87.7,88.6
101,2019,States,Arkansas,48,94,98,96,72,35,9,2,38,32,44,88,24,89,24,86,17,83,15,90,55,44,11,52,7,85,25,58,9,23,89,23,86,13,88,13,91,62,42,17,50,5,87,25,57,8,25,90,26,87,19,79,16,89,49,46,5,53,9,84,25,59,11,20,38,28,12,10,33,29,26,87.6,89.4
102,2018,States,Arkansas,48,93,97,96,67,34,9,1,36,33,40,88,24,89,25,84,15,87,15,88,44,70,7,56,8,87,18,60,12,24,88,24,84,11,87,21,90,50,73,8,58,9,83,18,58,11,25,90,26,84,17,88,9,87,39,66,6,54,6,90,18,62,12,20,39,27,12,10,32,30,27,87.5,89.5
103,2017,States,Arkansas,45,95,98,97,71,34,10,2,37,34,40,88,24,89,25,83,15,75,12,79,48,50,4,47,8,87,18,57,11,24,88,24,82,13,66,9,79,49,40,6,47,8,85,16,57,10,25,90,26,84,17,82,15,79,48,62,1,47,7,88,20,57,11,22,38,27,12,10,32,30,27,87.7,89.6
104,2016,States,Arkansas,51,93,97,95,70,35,9,2,37,33,42,87,23,88,24,82,16,87,18,86,47,,,45,9,84,19,56,9,23,87,23,80,11,86,21,90,56,,,43,6,83,16,54,8,24,89,24,84,19,88,16,84,40,,,49,11,85,21,58,11,23,39,26,11,11,32,30,26,86.7,88.7
105,2015,States,Arkansas,49,94,97,94,68,37,10,2,39,36,42,87,23,88,23,80,13,81,15,85,51,71,0,54,9,82,25,54,9,22,87,22,79,10,78,20,89,56,82,1,52,6,83,27,53,8,23,89,24,81,16,84,12,81,46,61,0,57,11,81,22,56,11,24,38,26,10,11,32,30,25,86,87.9
106,2019,States,California,50,96,98,97,77,46,13,2,48,44,52,86,35,95,45,90,27,78,16,88,54,86,20,61,11,89,36,66,14,35,95,45,89,25,77,15,90,55,86,21,61,10,89,34,65,13,35,95,44,91,28,79,18,87,53,86,20,62,12,89,37,67,15,24,24,30,20,14,19,28,37,86.1,86.7
107,2018,States,California,48,96,98,97,77,46,14,2,48,43,52,86,34,95,44,90,26,78,15,88,53,88,20,61,10,88,34,65,13,35,95,45,89,24,77,14,90,54,87,22,61,9,88,32,64,12,34,95,43,91,28,79,16,87,52,89,18,62,11,89,36,66,14,24,24,30,20,14,19,28,36,85.8,86.3
108,2017,States,California,49,95,98,97,76,46,14,2,48,44,52,86,34,95,43,89,25,77,13,87,52,87,20,60,10,89,34,64,13,35,94,44,88,23,78,12,89,53,88,20,60,9,89,32,64,11,34,95,42,90,27,76,14,85,51,86,21,61,11,89,36,65,14,24,25,30,20,15,19,28,36,85.8,86.6
109,2016,States,California,48,96,98,97,76,46,14,2,47,43,52,85,34,94,43,89,24,75,13,87,51,86,20,58,9,89,34,62,12,34,94,44,88,23,74,13,88,53,86,21,58,8,88,32,61,11,33,94,42,89,25,76,14,85,50,86,19,58,10,89,35,63,13,26,25,29,19,15,19,28,35,84.8,85.6
110,2015,States,California,48,96,98,97,77,46,13,2,47,43,51,84,33,94,42,89,24,72,14,87,50,87,16,58,9,87,33,61,11,33,94,43,87,23,70,14,89,52,88,17,57,8,87,31,60,10,32,94,40,90,25,75,14,85,49,87,16,59,10,88,34,62,12,26,25,30,18,16,19,29,34,84.1,85.1
111,2019,States,Colorado,52,96,98,97,72,38,11,2,40,36,43,93,44,96,49,92,27,84,22,90,53,60,16,73,16,91,38,75,18,43,96,48,94,28,81,20,91,54,46,16,71,14,90,37,74,17,45,97,49,90,26,86,24,89,52,80,18,75,17,92,40,76,20,11,28,33,25,6,19,28,45,93,93.7
112,2018,States,Colorado,50,95,98,97,71,38,11,2,39,35,43,93,43,96,48,89,28,83,19,90,56,90,35,68,13,89,36,73,16,42,96,47,89,26,82,15,92,60,82,26,70,12,88,33,72,15,43,96,48,89,31,84,22,87,53,97,42,66,14,90,38,73,18,13,27,33,25,7,19,28,44,92.6,93.4
113,2017,States,Colorado,49,95,98,96,73,39,10,2,40,38,43,92,42,96,47,91,28,85,17,83,52,95,33,69,13,90,36,73,16,42,96,47,90,27,81,13,86,57,94,24,71,12,89,35,72,14,43,96,47,91,29,90,22,82,48,96,40,68,15,91,38,74,17,14,28,33,24,7,19,28,44,92.4,93.4
114,2016,States,Colorado,48,95,98,96,73,37,11,2,38,34,42,92,41,96,46,89,24,81,18,86,50,90,16,69,12,91,37,71,15,41,96,46,90,24,79,16,88,54,82,18,69,11,90,35,69,14,42,96,45,87,24,84,19,85,48,98,14,68,12,91,39,72,17,13,30,31,24,7,20,29,42,92.2,93.3
115,2015,States,Colorado,51,94,97,95,74,38,12,2,39,36,42,92,41,96,45,90,24,82,13,84,50,95,18,65,11,92,34,70,14,40,96,45,90,22,83,14,88,54,95,16,65,11,90,33,68,12,41,96,45,89,26,80,11,82,47,95,19,64,11,94,35,71,15,14,28,32,23,7,20,30,42,92,93.1
116,2019,States,Delaware,54,94,98,96,77,43,11,2,45,37,53,90,34,93,36,90,24,83,11,94,65,,,59,13,90,34,62,13,33,91,35,90,23,87,22,96,74,,,54,14,87,32,58,8,35,94,36,90,25,80,3,92,58,,,65,12,94,35,66,19,16,36,27,19,8,28,26,36,89.2,92.3
117,2018,States,Delaware,47,95,97,96,81,42,9,2,44,39,49,91,33,93,34,88,22,71,20,86,56,,,58,10,84,27,62,16,32,93,33,87,17,67,26,87,64,,,53,9,89,26,59,15,34,93,35,90,26,75,12,86,48,,,64,11,78,29,64,17,16,40,25,18,8,31,25,34,90.8,91.6
118,2017,States,Delaware,50,94,99,98,79,45,13,2,47,41,53,91,32,93,34,90,22,71,17,93,66,,,61,10,91,20,63,10,32,91,34,89,19,71,16,94,73,,,54,6,92,20,61,8,32,94,34,91,25,72,17,91,60,,,70,16,89,21,66,13,17,37,25,19,7,31,26,34,89.3,92.6
119,2016,States,Delaware,50,96,98,94,78,42,10,2,44,35,52,90,32,91,33,87,20,81,17,93,64,,,76,17,83,27,67,16,31,90,33,84,19,74,24,93,69,,,74,11,73,30,64,12,32,92,34,89,21,89,9,92,58,,,77,23,88,26,71,19,19,36,24,19,8,31,26,33,88.6,91.5
120,2015,States,Delaware,46,95,98,94,78,43,12,3,45,40,50,89,31,92,32,87,22,79,25,92,68,,,59,12,95,41,59,13,31,90,32,86,21,76,20,93,72,,,59,11,92,41,58,9,31,93,32,88,24,83,30,92,64,,,60,14,97,41,60,18,20,35,27,16,9,28,28,34,88.1,91.2
121,2019,States,District of Columbia,85,97,96,97,85,42,12,3,53,45,59,98,89,99,92,86,28,,,95,80,,,69,33,94,74,80,52,89,99,92,83,26,,,99,81,,,64,35,91,64,78,53,88,99,91,88,29,,,92,79,,,74,32,96,82,83,50,22,30,23,23,5,13,15,65,98.3,98
122,2018,States,District of Columbia,78,98,98,95,87,48,13,3,53,51,54,97,90,99,92,88,28,,,93,85,,,65,31,94,68,77,55,90,99,92,87,27,,,90,84,,,61,32,97,62,78,55,90,99,92,88,29,,,96,86,,,68,31,92,74,75,55,20,29,20,29,5,14,14,66,98.3,97.4
123,2017,States,District of Columbia,73,95,97,94,87,49,13,3,55,47,63,97,88,99,90,86,26,,,95,81,,,49,24,91,70,67,43,87,99,89,85,26,,,97,85,,,48,25,90,57,65,38,90,99,92,87,26,,,93,79,,,50,23,92,80,69,49,18,29,19,31,7,14,14,63,97.6,98
124,2016,States,District of Columbia,77,97,98,95,82,46,15,3,51,48,52,97,88,99,92,86,25,,,96,85,,,56,24,96,74,67,41,88,99,91,86,25,,,95,82,,,53,21,95,68,67,39,89,99,92,86,25,,,97,87,,,61,27,96,78,68,43,18,33,24,24,7,15,14,62,97.5,97.2
125,2015,States,District of Columbia,74,95,98,96,87,53,12,3,57,54,58,98,89,99,91,84,26,,,93,77,,,57,28,89,62,71,44,88,99,90,82,27,,,94,76,,,56,28,90,66,68,41,90,99,92,85,24,,,92,78,,,58,29,88,59,75,46,24,33,20,21,7,14,14,63,98.2,98.7
126,2019,States,Mississippi,60,94,97,95,71,39,8,2,41,37,46,88,25,88,26,80,16,75,9,84,41,,,53,12,87,27,67,11,24,87,24,77,11,80,7,86,46,,,55,8,80,20,66,12,27,90,27,83,19,71,10,82,37,,,50,17,92,33,69,11,25,34,27,13,11,29,34,25,86.7,89.8
127,2018,States,Mississippi,49,94,97,96,74,40,10,1,41,36,47,88,26,88,27,81,16,68,12,87,47,,,58,15,85,31,66,16,25,86,25,78,11,64,11,92,54,,,56,11,79,28,65,13,28,90,28,84,20,73,13,85,43,,,60,21,91,34,67,21,25,33,28,12,10,28,34,26,86.4,89.7
128,2017,States,Mississippi,52,95,98,96,75,39,9,2,41,36,47,87,25,87,25,80,15,81,20,80,35,,,54,14,89,34,67,17,24,86,24,77,12,86,25,85,31,,,51,11,86,31,66,12,26,88,26,82,18,76,15,76,38,,,58,19,92,36,70,25,25,35,27,11,12,28,33,25,85.8,88.6
129,2016,States,Mississippi,54,95,97,96,76,38,10,1,40,35,45,87,25,87,25,79,15,74,13,84,43,,,56,10,79,22,64,12,24,86,24,76,10,66,10,79,55,,,48,4,79,18,54,9,26,89,26,81,19,81,15,87,36,,,67,17,79,24,77,17,27,33,26,12,12,30,33,24,85.4,89.2
130,2015,States,Mississippi,52,95,98,96,75,37,11,2,40,35,45,87,24,87,24,77,14,76,8,80,39,,,45,4,85,24,60,12,23,86,23,73,10,73,13,80,43,,,39,3,86,21,56,9,25,89,25,80,17,78,4,80,36,,,56,5,84,27,65,16,28,33,27,11,12,30,33,24,85.5,89
131,2019,States,Missouri,45,94,97,95,69,37,10,1,38,33,43,91,31,91,31,87,19,88,15,89,61,79,16,73,17,89,30,77,22,30,91,30,86,16,92,18,92,64,80,14,69,15,86,27,76,19,32,92,32,89,22,84,12,87,58,78,19,76,20,92,33,79,26,17,39,28,14,7,28,29,34,90.7,91.9
132,2018,States,Missouri,46,93,97,95,73,38,11,2,39,36,43,91,30,91,30,86,18,86,23,91,63,93,20,72,17,89,29,77,23,29,91,29,85,16,90,17,92,68,90,30,74,15,87,25,79,22,31,91,31,87,20,82,27,90,58,95,12,69,19,92,32,76,24,18,38,29,13,7,27,31,33,90.7,91.5
133,2017,States,Missouri,46,93,98,96,72,39,10,2,40,35,45,90,30,90,30,84,17,91,22,90,59,80,28,65,14,89,29,73,20,29,90,29,83,14,89,12,91,63,78,13,64,12,89,28,70,18,30,91,31,86,19,92,29,89,55,82,41,66,17,90,31,76,22,20,37,27,14,7,28,30,33,89.9,91.2
134,2016,States,Missouri,44,95,98,95,75,39,11,2,40,34,46,90,29,90,29,86,18,79,18,87,59,59,18,67,15,87,24,72,19,28,90,28,84,15,75,12,90,66,69,23,68,19,84,24,74,19,30,90,30,88,20,83,24,84,52,53,15,65,12,89,25,71,19,20,38,27,13,7,28,31,32,90.1,90.5
135,2015,States,Missouri,44,94,98,96,75,39,12,2,40,36,45,89,28,90,28,85,17,85,16,85,59,77,20,57,13,86,29,69,18,27,89,28,84,14,82,16,88,64,93,29,57,12,86,26,66,15,29,91,29,86,19,88,17,83,56,66,13,57,14,86,33,72,22,20,37,28,13,8,29,30,31,88.9,90.7
136,2019,States,Montana,35,94,96,95,66,37,12,1,37,33,40,94,34,95,34,84,42,87,15,93,48,,,78,27,94,39,84,26,33,94,33,81,30,86,11,95,51,,,90,33,92,40,87,35,35,95,35,92,73,88,18,92,45,,,62,19,96,38,82,19,11,36,32,20,4,26,32,36,94.1,95.5
137,2018,States,Montana,44,93,97,93,69,35,9,1,37,36,39,94,32,94,32,85,38,83,16,89,43,,,86,29,93,21,88,24,31,94,31,80,25,83,13,95,57,,,88,32,91,18,85,19,33,95,34,94,58,83,18,85,34,,,83,25,94,24,91,29,11,35,32,20,4,26,34,34,93.8,95.3
138,2017,States,Montana,41,94,97,93,65,33,10,1,34,33,35,93,33,94,33,89,17,85,15,86,42,,,55,17,94,27,72,18,32,93,32,97,20,82,13,70,29,,,59,13,97,23,65,10,34,94,34,78,13,87,18,92,48,,,51,22,92,30,79,26,13,36,31,18,5,26,32,35,93,94.4
139,2016,States,Montana,44,93,97,95,69,36,10,2,37,30,43,93,31,93,31,75,26,85,14,95,56,,,78,28,91,25,82,24,31,92,31,69,22,82,10,94,67,,,69,22,91,22,79,23,32,94,32,100,42,87,18,96,51,,,88,34,92,28,85,24,14,36,31,18,5,27,33,34,92.7,94
140,2015,States,Montana,42,90,97,95,70,31,11,1,33,32,35,94,31,94,32,95,32,85,11,92,54,,,89,10,89,26,84,15,30,93,31,97,32,86,12,93,49,,,96,2,89,20,83,13,32,94,32,91,32,83,9,91,57,,,82,18,89,31,84,17,12,38,31,18,5,29,31,33,93.5,94.8
141,2019,States,Nebraska,44,93,98,97,81,41,11,2,45,41,49,93,34,95,35,85,21,83,10,77,47,,,60,7,94,30,63,13,32,95,34,89,23,84,5,76,45,,,58,7,95,29,59,12,35,96,37,81,19,82,14,78,48,,,64,7,94,32,66,14,12,35,33,18,6,23,33,36,92.7,94.3
142,2018,States,Nebraska,45,94,97,97,77,41,10,2,43,39,47,92,33,94,34,89,21,82,17,75,42,,,63,11,81,27,65,14,32,93,33,89,22,81,13,78,46,,,62,10,78,26,63,12,34,95,35,88,21,84,20,73,39,,,65,12,84,28,68,15,14,35,33,17,7,23,33,35,91.8,93.9
143,2017,States,Nebraska,46,95,98,98,76,43,11,2,44,40,49,92,32,95,34,85,18,81,9,77,50,,,52,7,88,25,58,10,31,95,32,85,17,74,6,84,53,,,55,5,85,25,56,10,33,95,35,85,18,88,12,71,47,,,48,10,91,26,60,11,15,35,33,16,7,24,33,34,92.1,93.2
144,2016,States,Nebraska,42,94,98,97,79,42,11,2,44,41,49,92,32,94,33,86,23,82,15,73,42,,,49,7,86,31,55,10,30,94,31,87,20,80,14,74,45,,,50,7,87,27,52,10,34,95,35,85,25,83,15,73,39,,,48,7,85,34,59,11,14,36,32,16,7,24,33,34,91.1,93.4
145,2015,States,Nebraska,41,95,98,97,79,40,12,2,42,37,47,92,30,94,32,87,22,82,6,79,50,,,63,8,82,22,56,10,29,94,31,87,20,74,3,82,61,,,59,6,78,21,54,8,31,95,33,87,23,87,8,75,41,,,67,10,87,23,58,11,14,36,34,15,7,25,34,33,91.4,92.6
146,2019,States,Nevada,39,93,97,96,60,29,11,2,30,25,34,89,26,94,30,90,18,75,14,90,42,88,19,62,8,89,24,67,10,26,93,30,90,14,78,16,91,42,89,18,62,7,86,22,67,9,27,94,31,90,21,73,12,90,43,86,20,62,10,91,27,66,11,16,31,33,19,12,27,33,27,89.3,89
147,2018,States,Nevada,37,94,97,95,63,29,10,2,29,26,33,89,26,94,29,88,16,77,11,90,38,93,18,62,9,90,26,67,11,27,94,30,88,17,76,12,92,37,95,16,62,8,90,24,67,11,26,94,29,88,16,78,10,88,38,91,21,63,10,89,27,68,12,16,30,34,18,12,27,34,26,89.6,90.1
148,2017,States,Nevada,37,94,98,97,61,30,11,2,30,27,33,89,26,94,29,89,18,82,9,91,40,91,11,60,7,90,24,66,10,26,94,30,89,15,78,7,92,41,94,11,58,7,91,20,64,9,26,93,29,88,21,85,11,90,39,88,11,62,8,90,27,67,10,17,33,33,16,12,27,33,26,89.2,89.6
149,2016,States,Nevada,39,93,97,96,61,32,11,2,31,26,36,87,24,93,27,90,18,87,10,90,37,93,13,58,7,89,22,63,9,24,93,27,90,16,87,10,90,37,89,12,57,6,88,19,63,8,24,93,27,90,20,86,10,90,37,96,14,59,8,90,25,63,11,17,33,34,15,13,28,33,25,87.6,88
150,2015,States,Nevada,34,94,98,97,64,32,11,3,32,27,36,87,24,93,28,88,16,81,8,90,36,90,8,59,6,89,22,63,8,25,92,29,86,14,76,6,92,36,88,7,60,5,89,20,62,7,24,93,27,89,19,85,10,88,36,92,9,59,8,89,25,63,9,19,30,34,16,13,27,34,25,87.1,87.6
151,2019,States,New Hampshire,58,94,98,97,79,40,8,2,44,37,51,93,37,93,37,85,36,,,91,64,,,86,18,88,32,78,25,35,92,35,89,37,,,94,67,,,89,22,96,33,75,24,38,95,39,81,36,,,88,62,,,81,11,82,30,81,25,13,37,28,20,5,25,27,41,92.1,95
152,2018,States,New Hampshire,57,95,98,98,75,40,9,2,43,41,45,93,36,93,37,82,22,85,19,91,60,,,75,16,87,32,77,21,35,93,36,83,24,89,6,92,64,,,83,13,90,31,77,22,37,94,37,80,18,82,32,90,57,,,64,20,83,33,77,20,15,36,26,21,5,25,29,40,92.6,94.5
153,2017,States,New Hampshire,45,93,98,97,79,41,10,2,46,40,51,93,36,93,36,86,26,,,86,60,,,95,29,92,31,82,24,35,93,35,90,20,,,85,61,,,97,22,90,32,79,23,38,94,38,79,35,,,86,59,,,90,41,95,30,86,26,14,37,28,19,5,25,28,40,92.6,94
154,2016,States,New Hampshire,48,95,99,96,82,42,11,2,45,41,49,93,36,93,36,88,29,,,90,54,,,81,37,89,32,76,29,35,92,35,91,28,,,88,56,,,88,50,87,34,70,29,37,94,37,84,30,,,91,53,,,73,21,91,31,82,28,16,33,28,20,5,25,29,40,91.4,94.6
155,2015,States,New Hampshire,54,94,97,97,82,41,11,2,44,40,49,93,35,93,35,89,20,94,8,89,67,,,91,31,88,23,79,26,35,92,35,86,24,100,0,92,70,,,92,23,86,25,72,19,35,94,35,92,15,88,18,86,65,,,90,38,90,21,85,31,14,36,29,19,5,26,29,39,92.3,94.3
156,2019,States,New Jersey,67,97,98,97,81,46,10,2,48,44,52,92,42,94,45,88,25,75,28,92,71,,,69,15,89,39,75,21,42,94,46,87,22,75,23,94,73,,,68,12,88,37,74,18,42,95,45,89,27,75,36,91,69,,,70,18,90,41,76,23,18,36,22,22,8,25,22,44,91.5,92.4
157,2018,States,New Jersey,64,96,98,97,80,45,10,2,46,42,50,91,41,94,45,88,25,81,20,92,71,,,72,14,87,41,75,20,41,94,45,87,22,80,16,94,74,,,71,13,87,38,74,19,41,94,44,88,28,81,26,91,68,,,72,14,87,43,76,22,19,36,22,21,8,24,23,44,91.3,92.3
158,2017,States,New Jersey,64,95,97,97,79,45,11,2,46,43,49,91,40,94,43,87,24,82,31,92,70,72,28,72,14,88,38,75,19,40,94,44,86,22,73,29,93,73,84,30,70,12,88,36,74,17,40,94,43,88,26,92,33,90,67,55,26,74,16,89,40,76,21,20,36,22,20,8,25,23,43,91.3,91.6
159,2016,States,New Jersey,63,96,98,97,81,45,11,2,46,42,49,90,39,93,43,88,23,73,19,93,68,,,69,11,86,35,72,17,39,93,43,87,20,69,21,95,72,,,67,9,85,34,71,14,39,94,42,89,25,77,16,91,66,,,70,14,87,37,74,19,20,37,21,20,8,25,23,42,90.2,91
160,2015,States,New Jersey,64,97,98,97,80,46,10,2,46,42,49,90,38,93,41,87,21,72,21,92,67,,,69,14,84,32,72,17,39,93,42,87,19,76,25,94,70,,,66,11,84,32,70,15,38,93,40,88,23,68,17,90,65,,,72,16,84,32,74,20,21,37,21,20,9,26,23,40,90.1,91.2
161,2019,States,New Mexico,46,95,97,94,62,31,12,3,32,27,37,87,30,94,41,87,28,81,11,89,49,,,74,12,91,26,78,16,29,93,39,87,23,82,8,85,57,,,71,11,92,22,77,14,32,95,42,86,33,81,14,91,45,,,76,13,90,30,78,18,22,31,29,16,11,25,32,31,87.2,87.7
162,2018,States,New Mexico,46,94,97,94,65,36,11,2,35,31,40,87,30,95,42,89,20,76,10,87,55,,,73,12,87,28,76,15,29,94,41,89,17,77,8,91,66,,,71,9,82,26,74,14,31,96,42,88,24,76,13,84,45,,,75,14,92,30,78,17,23,28,28,19,11,25,32,30,85.7,88.6
163,2017,States,New Mexico,43,96,98,95,65,31,14,3,32,28,37,87,29,94,39,88,22,81,10,91,60,,,72,16,91,31,77,16,28,94,38,89,22,79,8,94,66,,,70,15,90,28,76,14,30,95,41,86,22,83,11,90,56,,,74,16,92,34,78,17,22,30,30,15,11,25,32,30,87,88.1
164,2016,States,New Mexico,41,94,97,95,71,36,14,3,37,35,38,87,30,94,40,92,28,80,11,90,50,,,71,11,91,32,75,15,29,94,39,92,28,79,10,89,55,,,69,10,91,30,74,14,30,95,40,92,28,81,12,91,45,,,74,12,91,34,77,16,22,30,28,17,12,25,32,30,86.7,87.6
165,2015,States,New Mexico,46,95,98,95,67,37,13,3,36,29,43,86,29,94,39,90,31,78,9,84,44,,,71,11,87,29,75,14,28,93,38,87,24,78,7,87,43,,,70,10,84,26,73,12,30,95,40,94,41,79,12,82,44,,,72,13,91,31,76,16,24,30,27,17,12,25,32,29,85.8,87.6
166,2019,States,New York,59,96,98,96,81,44,10,2,48,44,52,91,42,93,44,85,24,76,18,80,47,82,18,68,16,84,35,72,21,41,93,43,84,20,77,17,81,47,81,12,67,14,84,33,72,19,43,94,45,85,27,74,19,79,48,82,24,68,18,84,37,72,22,23,32,23,20,10,24,24,41,91.3,92.2
167,2018,States,New York,60,96,97,97,82,46,10,2,49,46,52,91,41,93,43,83,24,77,17,79,48,77,16,66,15,82,36,71,20,40,93,42,83,21,76,14,81,49,72,17,66,13,79,33,70,17,42,94,44,84,27,77,21,78,47,82,16,66,17,85,39,71,22,24,32,23,20,10,24,24,40,91,92
168,2017,States,New York,58,97,98,97,81,45,11,2,48,44,52,91,40,93,42,83,23,72,16,78,45,78,25,65,14,83,33,69,18,39,92,42,81,20,72,15,80,45,79,33,65,12,83,31,69,16,41,94,43,84,26,73,17,76,44,77,17,65,16,84,36,70,20,25,32,23,19,11,24,24,39,90.5,91.8
169,2016,States,New York,58,97,98,96,82,45,11,2,48,45,52,90,39,93,42,83,23,73,16,78,46,79,33,65,13,80,34,68,18,39,92,41,82,20,68,15,80,46,83,33,64,12,79,31,67,16,40,93,42,84,26,77,17,77,45,75,33,65,14,81,37,69,19,25,32,23,18,11,24,24,39,90.2,91.2
170,2015,States,New York,57,96,98,97,80,46,12,2,48,44,52,90,38,92,41,83,23,71,19,78,46,85,22,63,13,79,33,67,17,38,92,40,82,20,70,19,79,47,89,33,62,12,78,28,67,15,39,93,41,84,25,72,20,77,46,81,13,64,15,80,36,68,19,25,33,22,18,11,25,24,38,90.2,90.9
171,2019,States,North Carolina,45,94,98,96,74,37,11,2,40,35,46,90,35,92,36,86,22,77,14,87,58,88,34,53,11,89,33,62,17,34,91,35,84,18,73,12,90,63,87,30,51,9,88,29,59,14,35,93,36,88,25,80,17,84,54,90,40,55,13,90,37,66,19,19,32,30,17,9,24,30,35,89.3,92
172,2018,States,North Carolina,45,94,98,96,71,38,10,2,40,35,45,90,34,91,35,86,21,75,15,86,59,84,24,56,12,88,31,62,15,33,90,35,84,17,72,13,89,63,78,21,53,11,86,29,58,14,35,92,36,88,25,77,16,84,56,87,26,59,13,91,33,66,17,21,31,29,16,9,23,31,35,88.4,91.6
173,2017,States,North Carolina,40,94,98,96,73,38,10,2,39,34,45,89,34,91,35,85,21,76,14,86,59,94,31,57,9,88,33,60,15,33,90,34,83,17,74,10,88,63,93,34,53,9,85,28,57,13,34,92,35,86,24,78,17,84,56,95,28,60,10,91,36,62,17,22,33,29,16,9,24,31,34,88,91.1
174,2016,States,North Carolina,42,94,97,96,72,37,12,2,39,34,44,89,33,91,34,84,20,75,13,87,57,85,11,53,9,88,29,59,14,32,89,33,82,16,71,11,89,61,79,17,52,7,86,28,56,13,33,92,34,86,23,79,16,84,53,90,6,55,12,90,31,62,16,22,31,29,15,10,24,31,34,87.8,90.6
175,2015,States,North Carolina,42,94,98,96,73,38,11,2,39,34,44,88,32,90,33,84,19,74,12,85,55,76,9,50,10,86,30,56,13,31,89,32,82,16,67,8,87,58,75,6,45,8,84,28,51,11,32,91,33,86,22,80,15,83,52,77,15,56,12,88,32,62,15,24,32,28,14,10,24,31,33,87.2,89.8
176,2019,States,North Dakota,28,89,98,96,81,44,9,1,47,46,47,94,31,94,31,93,21,84,17,80,40,,,85,3,92,16,84,17,28,93,28,94,18,81,8,78,36,,,74,3,99,16,82,15,35,95,35,91,25,87,23,83,45,,,94,3,84,17,85,18,13,34,35,17,4,25,36,33,93.5,95
177,2018,States,North Dakota,37,94,96,96,80,42,9,2,46,46,47,93,30,93,30,78,21,86,13,78,46,,,77,23,90,30,83,17,26,93,26,90,25,84,10,81,53,,,72,32,95,33,81,20,34,94,34,62,14,87,16,76,42,,,83,12,85,27,87,13,16,32,33,16,5,24,37,32,92.8,94.2
178,2017,States,North Dakota,29,90,96,96,80,37,9,1,42,39,47,93,31,93,31,89,25,86,17,89,68,,,71,11,93,32,79,12,28,93,28,94,27,86,12,90,77,,,61,7,90,21,78,7,34,94,34,80,22,86,22,89,61,,,80,15,96,45,81,19,14,35,33,16,5,24,36,33,93.4,94
179,2016,States,North Dakota,28,92,98,94,74,36,10,2,40,37,43,93,30,93,31,90,9,79,16,79,46,,,52,12,96,22,75,15,28,92,28,92,7,76,9,81,51,,,50,13,97,20,75,17,33,94,33,87,13,81,24,78,43,,,55,11,95,25,76,11,17,34,31,16,5,25,36,32,92.3,94.6
180,2015,States,North Dakota,36,89,97,97,74,39,9,1,43,39,46,93,29,93,29,88,34,84,15,81,36,,,72,11,95,22,82,23,27,92,27,87,34,79,9,78,43,,,68,1,94,15,79,14,32,93,32,90,35,88,21,82,30,,,77,23,95,37,86,36,17,34,31,17,5,26,36,31,92.6,93.8
181,2019,States,Ohio,47,94,97,95,73,39,10,2,40,36,45,91,30,92,30,86,17,79,17,86,62,70,38,70,16,88,25,76,20,29,91,29,85,15,74,13,89,68,74,52,67,13,87,23,72,17,30,92,31,88,19,85,23,84,57,67,28,73,18,89,26,79,23,17,41,26,14,7,30,29,33,91.2,92.3
182,2018,States,Ohio,43,93,97,96,74,39,10,2,40,36,45,91,29,92,30,85,17,78,16,87,59,95,22,73,16,90,26,76,19,29,91,29,85,16,77,15,90,64,100,17,69,15,87,24,73,17,30,92,30,86,18,79,17,85,55,87,29,76,17,92,28,79,21,18,40,27,14,7,30,29,32,91.1,92.2
183,2017,States,Ohio,45,94,98,96,75,39,11,2,40,37,44,91,28,91,29,85,16,78,15,88,62,69,27,72,15,88,24,76,18,28,91,28,84,15,76,14,90,69,80,35,70,13,88,23,74,15,29,91,29,86,18,81,15,86,56,65,25,76,18,88,25,79,21,19,41,26,13,7,31,29,31,90.7,91.6
184,2016,States,Ohio,44,93,97,96,76,40,11,2,41,37,45,90,28,91,28,85,16,82,22,87,59,88,36,69,12,88,23,74,19,28,90,28,83,14,80,15,89,63,83,41,65,12,87,23,72,17,28,91,28,86,17,84,31,86,55,94,32,74,13,88,24,77,22,20,41,25,12,7,31,30,31,90.4,91.4
185,2015,States,Ohio,44,94,98,96,76,40,11,2,40,37,44,90,27,90,27,84,16,78,12,86,60,93,27,71,13,86,23,76,17,27,90,27,84,14,77,13,88,65,96,11,74,10,85,22,76,15,27,91,27,85,17,80,12,84,55,91,42,68,15,86,24,76,18,20,41,25,12,7,31,30,30,90.2,91
186,2019,States,Oklahoma,43,96,98,97,67,36,9,2,37,32,42,89,27,91,29,89,19,86,17,81,43,82,10,55,8,89,23,63,12,27,91,28,88,17,85,15,84,47,80,11,54,7,87,19,60,11,28,91,29,90,21,87,19,79,40,84,8,56,9,90,26,66,12,17,36,30,15,9,30,30,29,89.1,90
187,2018,States,Oklahoma,42,95,97,96,70,36,11,2,36,32,40,89,27,91,28,89,19,86,15,83,48,88,15,57,8,89,25,64,11,26,90,27,88,16,84,12,84,51,94,12,55,6,88,22,61,10,27,91,28,91,21,88,18,82,47,84,17,59,10,90,27,68,12,17,36,31,15,9,29,31,29,88.7,90.3
188,2017,States,Oklahoma,44,96,98,96,71,37,10,2,37,32,42,89,27,90,28,89,19,86,16,80,41,87,5,55,8,89,23,63,11,26,90,27,88,18,84,13,82,45,90,4,53,6,86,21,59,9,28,91,28,90,20,87,18,78,37,83,8,59,11,91,25,68,14,18,35,31,14,9,29,31,29,88.3,90
189,2016,States,Oklahoma,41,96,98,95,67,37,10,2,36,31,41,89,26,90,27,88,19,85,17,84,43,85,11,55,7,86,22,61,11,26,90,27,87,17,83,15,86,46,81,9,51,5,87,19,58,10,27,91,27,88,20,86,19,83,41,87,13,59,8,86,25,64,12,19,36,30,14,9,29,31,28,88.5,89.7
190,2015,States,Oklahoma,45,96,98,96,72,36,11,2,36,31,41,88,26,90,27,88,18,85,16,83,40,73,13,52,8,88,21,58,11,26,90,27,87,16,83,14,85,41,64,7,53,7,88,20,56,10,26,90,26,89,20,86,18,81,40,77,16,52,9,89,23,61,12,19,36,29,14,10,30,31,27,87.9,88.9
191,2019,States,Oregon,43,94,97,97,71,36,11,2,38,33,42,92,34,94,36,90,30,85,20,88,54,93,20,62,12,91,32,68,16,33,93,35,89,31,82,18,91,57,94,20,60,9,88,29,66,13,35,95,36,91,29,89,21,85,51,91,19,65,15,94,36,71,18,13,29,36,20,7,21,33,37,91.6,93.5
192,2018,States,Oregon,47,94,98,97,71,37,11,2,38,34,43,91,34,94,35,88,26,85,16,87,50,88,14,58,9,88,29,64,16,33,93,35,89,26,82,14,88,52,89,13,58,7,87,24,61,14,35,95,36,86,25,89,19,86,49,87,14,58,10,90,33,67,18,14,29,35,20,8,20,34,37,90.5,93.1
193,2017,States,Oregon,46,92,98,97,74,37,10,2,38,33,44,92,33,94,35,88,28,81,10,87,53,83,18,63,15,88,26,68,16,33,93,35,89,25,79,7,90,56,84,13,60,12,84,23,65,14,34,94,35,87,32,82,13,85,51,82,22,67,17,91,29,71,19,14,29,37,19,7,21,33,37,91.3,92.9
194,2016,States,Oregon,45,94,98,96,72,38,12,2,39,35,44,91,33,93,34,86,21,83,14,85,50,87,16,58,11,87,26,62,13,32,93,34,86,23,84,16,88,52,93,23,58,9,85,21,62,12,33,94,34,87,19,83,12,83,49,83,11,57,14,89,30,63,15,15,29,36,18,8,21,34,36,91,92.3
195,2015,States,Oregon,45,93,97,96,73,36,12,2,37,33,41,91,32,93,33,87,28,84,14,86,49,89,16,52,10,88,27,61,15,32,93,33,92,31,83,14,89,52,90,15,52,9,88,25,60,14,32,93,33,82,25,86,13,84,46,88,17,53,10,89,29,63,15,15,31,36,17,8,21,34,36,90.7,91.8
196,2019,States,Pennsylvania,45,94,97,96,80,41,9,1,44,40,48,92,33,93,33,87,20,77,20,84,57,78,33,63,10,88,30,72,16,32,92,33,86,18,75,18,86,61,77,26,61,9,88,28,70,15,34,93,34,88,21,79,22,83,53,78,36,65,11,89,31,75,18,17,43,23,15,6,32,24,36,92,92.9
197,2018,States,Pennsylvania,47,94,98,94,77,41,9,1,43,39,48,92,32,93,33,87,19,87,19,83,56,78,27,68,13,89,28,72,17,32,92,33,87,17,87,16,85,60,72,27,65,11,89,26,70,16,33,93,33,87,21,88,24,81,54,84,28,70,14,89,29,74,19,17,43,23,15,6,32,24,35,91.8,92.8
198,2017,States,Pennsylvania,47,94,98,95,77,41,10,1,44,39,48,91,32,92,33,87,19,82,20,83,55,72,11,70,12,86,29,73,16,32,92,32,85,17,83,18,86,59,51,12,65,9,85,26,70,13,32,92,33,88,21,81,21,81,52,85,10,75,15,87,32,76,18,18,43,22,15,7,32,24,35,91.2,92.2
199,2016,States,Pennsylvania,48,94,97,96,78,42,10,1,44,40,49,91,31,92,32,85,19,67,13,83,55,80,26,66,9,88,29,70,15,31,91,32,84,17,66,13,84,60,90,40,62,8,87,25,68,13,31,92,32,86,21,69,13,81,51,75,17,70,10,88,32,72,17,19,43,21,14,7,32,24,34,90.9,92
200,2015,States,Pennsylvania,46,94,97,96,79,41,10,1,44,40,48,91,30,91,31,84,17,69,14,83,53,66,14,66,10,85,29,69,15,30,91,31,83,14,66,10,85,57,73,29,64,8,84,28,68,12,30,92,30,85,19,71,18,81,50,62,4,68,13,86,29,71,17,20,44,21,14,7,33,25,33,90.6,91.5
201,2019,States,Rhode Island,49,95,98,97,86,53,10,2,58,51,64,90,36,92,38,91,23,,,87,52,,,66,10,81,30,70,14,35,92,37,91,22,,,91,62,,,65,9,80,31,69,14,37,92,39,90,24,,,84,43,,,66,11,83,29,72,14,20,37,24,17,8,26,26,38,90.3,91.3
202,2018,States,Rhode Island,39,93,99,96,89,40,11,1,49,44,55,90,35,91,37,85,20,68,31,87,50,,,67,14,84,28,75,15,35,91,37,87,21,35,18,86,49,,,63,13,82,25,71,14,35,92,37,83,19,78,34,88,50,,,72,16,87,33,78,17,21,38,23,16,8,26,27,38,90.3,91.3
203,2017,States,Rhode Island,45,93,97,96,81,55,12,2,57,50,63,89,34,90,36,81,21,71,25,86,57,,,71,8,89,27,77,13,33,90,35,80,24,71,34,88,58,,,69,9,91,24,77,12,35,90,37,82,18,71,17,84,56,,,72,7,87,29,77,13,23,34,23,17,8,29,25,37,89.5,89.7
204,2016,States,Rhode Island,50,93,98,98,87,49,15,2,54,46,61,90,35,91,37,85,20,,,90,50,,,65,12,83,27,72,13,35,91,36,85,21,,,93,49,,,64,12,87,32,69,13,36,91,38,84,20,,,88,50,,,66,12,79,22,74,13,24,36,24,14,8,25,27,38,89.9,90.3
205,2015,States,Rhode Island,44,92,98,96,84,50,13,2,56,52,60,89,34,90,35,83,19,73,22,87,55,,,59,7,85,31,70,13,34,90,35,84,17,69,38,86,55,,,58,6,86,29,68,12,34,90,35,81,20,78,0,87,54,,,60,8,83,33,72,14,22,35,25,16,9,26,27,36,89.4,90.1
206,2019,States,South Carolina,43,95,97,95,68,33,9,2,36,31,42,90,34,91,34,83,17,77,18,87,51,,,53,12,89,29,65,18,33,90,34,81,14,73,17,88,56,,,50,12,87,25,60,15,34,92,34,85,20,82,21,87,47,,,57,12,91,33,71,20,21,32,28,17,9,27,30,32,89.6,92
207,2018,States,South Carolina,44,95,98,96,68,38,9,2,39,34,43,90,32,91,33,83,15,70,7,91,52,89,11,66,13,86,28,69,17,32,90,33,81,12,70,6,91,52,97,8,64,14,84,25,67,14,32,92,33,85,17,71,8,91,51,80,14,67,13,89,30,72,20,21,35,27,15,8,28,30,31,89.7,91.4
208,2017,States,South Carolina,46,95,98,96,70,37,9,2,39,36,43,89,32,90,33,81,14,76,11,86,50,,,60,11,88,27,67,15,32,90,33,78,11,73,12,87,54,,,59,8,85,27,64,12,32,91,33,84,17,78,10,85,46,,,60,15,90,26,71,19,23,34,27,15,9,28,30,31,88.9,90.9
209,2016,States,South Carolina,49,95,98,96,70,36,11,2,38,33,43,89,31,90,32,81,15,81,14,87,44,,,60,14,83,21,60,14,31,89,32,78,12,77,18,91,47,,,57,8,79,20,56,11,31,90,32,83,18,84,11,84,41,,,63,20,86,22,65,17,24,33,27,15,10,27,31,30,87.9,90
210,2015,States,South Carolina,45,95,98,97,71,38,11,2,39,34,44,88,31,89,31,81,14,77,15,82,48,,,57,12,85,25,63,15,31,89,32,79,11,78,16,85,56,,,50,8,84,25,58,12,30,90,30,82,17,76,14,80,41,,,66,16,85,26,69,19,25,34,26,13,10,28,31,30,87.7,90
211,2019,States,South Dakota,43,92,97,94,77,33,8,1,36,30,41,93,31,94,31,77,18,80,8,81,42,,,71,34,88,24,80,25,30,93,30,80,17,78,8,89,49,,,63,27,80,23,79,27,32,95,33,71,20,81,8,75,38,,,79,42,98,24,82,23,15,35,31,16,5,28,32,33,93,94.9
212,2018,States,South Dakota,44,96,98,97,75,35,8,1,38,35,40,94,30,94,31,76,12,78,9,79,42,,,56,15,90,33,66,14,29,94,29,81,15,81,8,83,44,,,57,22,90,26,65,16,32,95,32,68,6,75,10,74,41,,,55,6,90,42,67,11,11,39,29,19,6,29,32,31,93.7,94.5
213,2017,States,South Dakota,39,94,97,96,75,39,8,1,39,38,41,93,29,93,30,92,13,69,9,91,45,,,63,21,92,18,74,17,29,93,29,92,12,67,7,88,52,,,55,10,94,18,74,15,30,94,30,94,16,71,10,93,39,,,92,64,91,18,75,21,15,36,30,17,6,29,33,30,93.2,93.8
214,2016,States,South Dakota,37,92,97,97,74,43,10,1,42,39,45,93,30,93,30,71,16,76,10,72,41,,,43,6,84,13,66,16,28,92,28,81,18,75,7,77,49,,,51,7,82,10,64,17,33,94,33,53,13,76,13,68,35,,,27,4,86,16,68,16,18,34,31,15,6,27,33,31,92.1,94.6
215,2015,States,South Dakota,35,93,97,94,76,33,9,2,39,35,44,93,29,93,29,67,16,79,9,64,34,,,59,9,83,26,70,18,27,92,27,69,16,80,7,51,24,,,44,15,85,25,67,19,30,94,30,63,15,78,10,72,39,,,71,5,79,27,75,18,14,39,30,16,7,29,33,30,92.2,94
216,2019,States,Tennessee,40,94,98,97,72,33,9,1,36,31,41,88,29,89,30,87,21,78,15,85,52,,,56,16,88,31,63,18,28,88,29,85,17,82,14,86,54,,,56,14,89,29,60,16,30,90,30,88,25,73,16,85,50,,,57,18,87,33,66,20,22,37,25,13,8,29,28,33,87.6,89.7
217,2018,States,Tennessee,38,93,98,96,70,36,10,2,37,35,40,88,28,89,28,85,20,81,14,85,53,,,61,14,90,32,65,17,28,88,28,85,17,77,16,86,59,,,56,13,87,30,62,16,28,90,28,86,22,85,13,84,48,,,67,16,92,34,67,19,22,37,26,13,9,30,29,31,87.9,89.3
218,2017,States,Tennessee,39,94,97,97,72,34,9,2,37,33,41,88,28,89,28,87,20,85,26,87,57,91,17,50,11,90,29,62,15,28,88,28,85,15,84,21,90,58,88,28,47,10,91,28,58,13,28,89,28,88,24,87,32,84,57,94,5,55,12,89,30,67,17,23,37,25,13,9,30,28,31,87.4,89.3
219,2016,States,Tennessee,40,94,98,97,72,35,10,2,37,33,42,87,27,88,27,84,19,79,14,86,55,85,21,56,11,87,27,63,14,26,87,27,82,15,76,11,88,60,90,33,55,12,87,30,61,13,27,89,27,86,22,82,17,84,50,81,11,57,10,86,24,65,16,24,38,24,12,9,30,29,30,86.7,88.6
220,2015,States,Tennessee,37,93,97,97,72,36,10,2,38,34,43,86,26,87,27,84,18,85,34,86,49,,,54,14,83,27,59,13,26,86,27,82,15,89,43,85,52,,,54,14,81,26,57,12,26,88,27,85,21,82,26,86,46,,,54,15,85,28,62,14,26,38,23,11,10,31,28,29,85.8,87.9
221,2019,States,Texas,44,95,98,95,71,37,10,2,37,34,41,84,30,94,39,91,25,84,24,89,60,88,22,62,12,88,33,68,16,30,94,40,90,23,82,24,90,64,85,17,60,11,88,32,67,14,31,94,38,91,27,85,23,88,57,91,26,63,14,88,34,69,17,22,30,29,17,13,24,28,33,84.3,85.2
222,2018,States,Texas,42,95,98,96,70,39,10,2,38,34,42,84,30,94,39,90,25,80,22,87,59,89,23,60,11,89,33,67,15,30,94,39,89,22,78,21,90,62,89,20,59,10,88,32,65,13,30,94,38,90,27,81,22,85,57,90,26,61,12,89,35,68,16,23,30,28,17,14,23,28,33,83.8,84.9
223,2017,States,Texas,43,95,98,96,71,38,11,2,37,34,41,84,29,94,38,89,24,81,20,88,59,89,20,61,11,87,31,66,14,29,93,39,88,20,79,18,90,62,90,19,60,10,88,30,64,13,30,94,38,90,27,83,22,86,56,87,22,62,11,87,31,67,15,24,30,28,17,14,23,29,32,83.3,84.6
224,2016,States,Texas,42,95,97,96,71,37,11,2,37,34,41,83,29,93,37,89,23,76,17,87,56,86,18,60,10,86,31,64,14,29,93,38,87,20,75,17,90,60,94,14,59,10,86,31,63,13,29,93,36,90,25,77,17,85,53,82,19,61,11,86,31,66,15,25,29,28,16,15,24,29,31,82.6,83.8
225,2015,States,Texas,43,96,98,96,71,37,11,2,37,33,41,82,28,93,37,88,22,77,20,87,57,89,13,58,9,85,30,63,13,28,93,37,87,20,74,17,90,62,87,17,58,8,85,31,62,12,28,93,36,89,24,79,22,85,53,90,8,59,10,85,29,64,14,25,30,27,15,15,24,29,31,82,83.4
226,2019,States,Vermont,66,96,97,97,84,48,10,1,54,47,60,93,38,93,38,82,26,71,15,83,49,,,,,75,33,88,32,35,92,35,81,21,77,23,85,55,,,,,63,26,89,31,42,95,42,86,37,68,10,81,44,,,,,89,41,87,33,15,37,25,20,4,27,25,42,92.5,95
227,2018,States,Vermont,66,93,97,95,78,42,9,2,49,47,51,93,38,93,38,91,40,,,84,64,,,92,49,90,49,91,40,35,92,35,85,38,,,87,65,,,87,29,89,41,89,22,40,95,40,100,42,,,80,62,,,95,63,90,55,92,56,15,41,24,18,4,25,26,43,92.1,95.3
228,2017,States,Vermont,58,93,98,97,81,44,11,1,48,48,48,93,38,93,38,89,37,76,1,67,39,,,,,93,47,85,46,34,91,34,88,39,73,0,60,45,,,,,92,33,80,41,41,95,41,92,31,80,4,70,36,,,,,95,60,89,49,14,38,24,22,5,27,25,42,90.9,95.2
229,2016,States,Vermont,57,96,98,96,74,44,8,2,48,44,52,92,36,92,36,90,27,,,83,50,,,,,93,30,87,35,33,90,33,90,32,,,79,60,,,,,90,28,98,40,39,93,39,91,15,,,85,44,,,,,95,32,78,31,14,37,27,20,6,27,26,40,90.8,93.8
230,2015,States,Vermont,46,95,98,98,81,50,9,2,52,52,52,92,37,92,37,90,37,83,7,73,41,,,,,65,24,86,36,34,90,34,86,46,63,4,69,34,,,,,59,19,87,32,39,93,39,95,27,98,9,76,46,,,,,71,30,86,39,18,34,25,20,5,27,25,40,90.7,93.9
231,2019,States,Utah,44,96,98,97,62,43,15,3,39,38,40,94,35,96,37,86,17,81,11,90,55,90,15,65,12,93,35,74,15,38,95,40,85,17,80,12,91,54,94,19,63,12,95,35,73,15,33,96,34,88,17,83,11,89,55,87,11,68,11,92,34,75,15,11,29,36,22,6,22,35,36,94.2,94.7
232,2018,States,Utah,43,94,98,97,68,48,14,3,44,42,45,94,36,95,37,87,18,81,13,89,49,92,20,67,12,93,30,73,16,38,95,40,87,17,81,10,90,50,93,16,66,11,91,29,73,14,34,95,35,86,20,81,16,88,48,92,25,67,15,96,32,73,18,12,29,35,22,6,21,34,37,93.8,94.3
233,2017,States,Utah,43,95,98,96,65,43,15,3,41,39,42,94,36,95,37,86,31,77,17,89,51,93,14,61,8,90,35,70,14,38,95,40,87,32,78,18,92,57,90,10,60,8,90,27,68,14,33,95,34,85,30,76,15,87,47,97,20,63,9,91,41,71,14,12,29,36,21,7,21,35,36,93.9,94.6
234,2016,States,Utah,41,95,98,97,63,44,15,3,40,39,41,94,33,95,35,84,22,86,10,86,47,89,11,57,10,90,35,68,13,36,95,38,87,22,86,9,86,50,90,10,56,7,88,34,66,12,31,95,32,79,22,86,12,86,44,89,13,59,12,92,36,70,14,12,29,38,19,7,21,36,35,93.6,94.3
235,2015,States,Utah,42,95,98,97,63,42,14,3,39,37,41,93,32,95,34,88,25,76,10,86,48,91,17,61,8,90,30,68,11,35,94,37,93,29,77,6,87,52,93,18,61,8,89,27,67,12,30,95,31,81,20,75,12,86,44,89,15,62,7,91,33,68,10,12,32,34,20,7,22,35,34,92.8,93.7
236,2019,States,Virginia,50,95,97,97,74,42,12,2,43,40,47,91,42,93,43,86,25,82,29,90,62,93,39,65,19,92,39,73,26,41,92,42,84,21,80,32,93,65,97,42,65,18,93,37,73,24,42,93,43,87,28,85,26,88,58,91,37,65,20,90,42,73,28,19,31,27,21,8,22,26,43,91.2,92.5
237,2018,States,Virginia,48,95,98,98,77,40,11,2,43,38,48,91,42,92,43,86,24,85,24,90,62,94,35,63,16,89,38,72,24,42,92,43,85,21,83,19,92,65,95,35,59,13,89,37,69,23,42,93,42,87,26,86,29,89,60,93,36,67,19,89,39,74,26,19,31,27,21,8,22,26,42,90.6,92.6
238,2017,States,Virginia,48,95,98,97,77,43,12,3,44,40,49,91,41,92,42,86,24,81,22,91,61,91,26,63,17,89,38,71,24,41,92,42,84,22,79,19,93,66,89,15,57,13,88,35,69,23,40,93,41,87,26,82,25,89,57,92,36,69,21,90,41,73,26,20,32,27,20,8,22,26,42,90.8,91.9
239,2016,States,Virginia,49,95,98,97,78,40,13,3,43,39,47,91,40,92,41,85,23,87,26,88,59,83,28,62,16,90,42,71,23,40,91,42,84,20,82,22,91,64,95,36,59,14,89,42,69,20,40,93,41,86,25,92,29,86,55,74,22,66,20,90,43,74,26,20,31,27,20,8,22,27,41,90.1,92
240,2015,States,Virginia,47,95,98,97,77,41,13,3,43,40,47,90,39,92,40,84,22,87,24,89,58,90,27,63,15,90,38,71,23,39,91,40,82,20,86,22,92,63,84,32,61,13,89,37,68,21,39,92,39,85,24,87,27,87,55,94,23,67,18,91,39,73,24,23,31,26,19,8,23,27,40,89.8,91.6
241,2019,States,Washington,47,94,98,97,70,33,10,2,34,31,38,93,37,95,38,90,25,82,15,88,56,88,10,61,11,91,33,69,17,37,94,38,92,23,80,13,90,60,87,7,57,8,90,32,66,16,37,95,38,88,26,84,17,86,52,88,13,65,15,92,34,72,19,13,28,36,21,7,20,31,40,93,94.5
242,2018,States,Washington,46,94,98,97,72,34,11,2,36,33,39,93,36,95,38,90,26,84,15,89,54,86,15,57,10,93,35,66,16,36,94,38,91,27,85,16,91,56,84,14,56,9,91,33,64,15,36,95,37,89,25,83,15,88,52,88,16,58,12,94,38,68,17,12,28,37,21,7,20,32,39,92.9,94.2
243,2017,States,Washington,43,94,98,97,73,34,11,2,35,32,38,93,35,94,36,90,25,81,15,88,51,93,13,54,11,92,32,65,16,35,94,37,91,26,79,12,90,54,94,13,53,9,92,31,65,15,35,95,36,89,24,83,17,86,49,91,14,55,12,93,33,66,16,14,29,36,20,7,20,33,38,92.9,93.9
244,2016,States,Washington,42,93,98,97,72,35,11,2,36,33,40,93,35,94,36,85,25,83,13,87,52,84,11,54,10,90,28,64,15,35,94,37,87,25,81,9,89,56,84,11,53,9,89,26,62,13,35,95,36,84,24,85,17,85,49,84,11,56,12,91,31,67,17,15,29,35,19,7,20,32,38,92.7,93.8
245,2015,States,Washington,42,94,98,97,72,35,11,2,35,32,39,92,34,94,35,90,23,82,11,88,51,86,11,58,9,90,28,64,13,34,93,36,91,23,81,8,91,54,87,13,55,8,88,26,61,12,34,94,35,88,23,83,14,85,48,84,9,61,11,91,30,67,15,15,30,34,19,7,21,33,37,91.9,93.2
246,2019,States,West Virginia,31,93,97,94,71,36,9,1,37,32,44,86,20,86,20,92,13,84,20,88,66,,,83,14,88,23,86,22,19,86,19,92,11,87,20,88,78,,,86,19,89,26,85,22,22,87,22,91,17,81,20,87,57,,,76,3,87,21,87,23,22,44,22,10,9,38,26,25,86.2,87.6
247,2018,States,West Virginia,36,92,96,94,68,35,8,1,36,32,41,87,21,87,21,90,14,,,96,62,,,71,14,86,24,79,20,20,86,20,89,9,,,94,67,,,59,11,88,27,78,16,21,89,21,92,21,,,96,58,,,79,16,85,20,80,24,22,42,23,11,8,38,28,24,86.3,88.9
248,2017,States,West Virginia,35,95,97,96,70,37,10,1,38,33,45,87,20,87,20,90,15,,,85,55,,,79,26,87,27,82,24,18,85,18,90,15,,,95,67,,,79,35,86,30,85,20,21,88,21,89,15,,,78,46,,,79,18,88,24,78,28,24,44,21,10,8,39,27,24,85.7,88.3
249,2016,States,West Virginia,35,94,97,96,71,37,9,1,40,35,46,85,20,86,20,88,19,52,4,96,67,,,77,24,84,24,75,17,20,84,20,86,16,48,0,97,80,,,78,27,77,21,71,19,20,87,21,90,22,56,9,96,56,,,77,21,90,27,78,15,25,43,20,10,9,38,27,24,84.1,87.6
250,2015,States,West Virginia,33,94,98,97,66,36,11,1,39,34,44,85,19,85,19,89,12,,,89,68,,,86,34,91,28,89,26,18,84,18,86,11,,,94,74,,,90,34,88,19,91,27,19,86,19,92,13,,,85,63,,,58,33,93,35,88,25,26,44,19,9,9,39,27,23,84.7,86.9
251,2019,States,Wisconsin,43,96,97,97,75,40,10,2,42,37,47,94,32,94,33,84,15,90,14,86,47,,,65,13,94,31,70,15,30,93,31,82,12,88,10,89,51,,,67,13,93,28,70,14,34,95,34,86,18,93,18,83,44,,,61,13,94,33,71,17,13,40,29,16,5,28,31,34,93.1,94.9
252,2018,States,Wisconsin,43,95,98,96,75,42,10,1,43,39,47,93,31,94,31,84,14,88,18,83,45,68,26,59,8,88,29,70,15,29,93,30,82,11,85,16,84,47,65,27,55,5,86,28,66,11,32,94,32,86,16,91,22,82,43,73,23,64,10,90,30,74,18,15,39,28,16,6,28,32,32,92.8,94.2
253,2017,States,Wisconsin,43,96,97,97,75,42,10,2,43,39,47,93,31,94,31,83,14,86,12,85,51,,,61,9,91,29,69,14,29,93,30,82,10,85,11,88,51,,,62,9,90,26,68,12,32,95,33,85,17,86,14,83,51,,,60,9,93,33,71,17,15,39,29,16,6,28,31,33,92.8,94.6
254,2016,States,Wisconsin,45,96,97,96,77,42,10,2,44,40,48,93,30,94,30,82,15,84,16,83,48,,,62,8,88,29,69,14,28,93,29,77,11,78,16,85,50,,,60,7,90,28,67,13,31,95,32,85,18,90,16,80,46,,,64,8,87,29,70,16,16,39,28,15,6,29,32,32,92.5,94.3
255,2015,States,Wisconsin,43,96,98,97,78,41,11,2,43,38,48,92,29,93,29,81,13,86,11,84,44,82,31,59,10,89,28,65,11,28,93,28,79,10,84,10,87,45,96,43,61,8,90,24,63,9,30,94,30,83,15,88,12,81,43,76,25,57,12,88,33,67,14,17,38,28,14,6,29,32,31,91.9,93.6
256,2019,States,Wyoming,34,95,98,96,68,41,11,2,39,37,42,94,29,95,30,98,46,91,10,98,46,,,81,4,90,20,81,11,28,95,29,98,64,89,7,98,58,,,78,4,84,18,78,8,31,95,32,100,7,95,14,97,35,,,87,3,99,23,84,14,8,38,34,18,4,28,35,31,94.6,95.1
257,2018,States,Wyoming,48,94,97,97,72,35,11,3,36,36,36,93,27,94,28,98,27,89,10,97,72,,,81,6,87,13,81,9,25,94,27,97,28,89,18,100,71,,,85,5,83,9,78,7,28,94,29,100,25,89,5,93,73,,,78,7,90,18,85,11,11,35,36,16,5,27,37,29,93.4,93.8
258,2017,States,Wyoming,40,95,98,95,70,36,12,2,34,34,35,93,28,94,29,,,88,12,95,53,,,62,9,95,28,75,14,26,94,27,,,89,6,100,77,,,60,11,96,23,75,11,29,95,30,,,86,19,92,38,,,65,6,94,33,75,17,11,34,35,18,5,28,35,30,92.8,94.2
259,2016,States,Wyoming,43,93,98,98,75,37,11,3,38,33,44,93,27,94,28,,,85,14,,,,,63,10,93,18,75,11,26,94,28,,,79,10,,,,,64,2,99,21,74,7,27,95,28,,,90,19,,,,,61,24,88,15,76,15,14,36,34,15,5,27,37,30,93.3,93.9
260,2015,States,Wyoming,43,94,96,92,71,36,12,2,37,30,44,92,26,94,27,86,16,84,8,88,34,,,78,13,89,18,70,12,26,94,27,89,20,82,18,94,39,,,72,1,90,15,67,9,27,94,28,84,13,85,3,85,30,,,84,24,89,20,73,16,13,30,40,15,6,28,36,28,92.7,92.7